Category,Sub-Category,Suscriptores,Title,Description,Link,Date_raw,Date_parsed,Author
politica,Política,Política,,"Según Benedetti, congresistas de Comunes habrían respaldado a Carlos Camargo en vez de a María Patricia Balanta.",https://www.elespectador.com/politica/gobierno-petro-comunes-y-armando-benedetti-chocan-por-eleccion-carlos-camargo-corte-constitucional-noticias-hoy/,11:41 a. m.,09-09-2025,Redacción Política
politica,Política,Política,,"Desde 2015, se suspendió la fumigación aérea con glifosato en Colombia.",https://www.elespectador.com/politica/gustavo-petro-criticas-y-debate-por-posible-regreso-de-fumigacion-aerea-colombia-cultivos-ilicitos-glifosato-noticias-hoy/,09:14 a. m.,09-09-2025,Redacción Política
politica,Política,Política,,"Según la Cancillería, en agosto pasado había, por lo menos, 38 colombianos detenidos en Venezuela.",https://www.elespectador.com/politica/gustavo-petro-habla-de-colombianos-detenidos-en-venezuela-hay-por-lo-menos-38-noticias-hoy/,06:52 a. m.,09-09-2025,Redacción Política
politica,Política,Política,Suscriptores,"El posible remezón en el gabinete de Petro quedó en pausa por las cuentas para los debates del presupuesto, la tributaria y otras...",https://www.elespectador.com/politica/petro-tiene-que-recalcular-sus-movidas-con-los-partidos-y-cambios-en-el-gabinete-por-agenda-del-congreso-noticias-hoy/,09-09-2025,09-09-2025,David Efrén Ortega 
politica,Política,Política,,"En vilo siguen los ministros Antonio Sanguino (Trabajo), Diana Morales (Comercio) y Julián Molina (TIC).",https://www.elespectador.com/politica/remezon-ministerial-de-petro-esto-es-lo-que-se-sabe-de-cambios-de-sanguino-morales-y-molina-noticias-hoy/,08-09-2025,09-09-2025,Redacción Política
politica,Política,Política,Suscriptores,"Hay molestia en la izquierda, que está en reuniones jurídicas y con las bases para delinear una estrategia.",https://www.elespectador.com/politica/pacto-historico-consejo-nacional-electoral-las-son-las-vias-del-petrismo-para-esquivar-decision-contra-colombia-humana/,08-09-2025,09-09-2025,Laura C. Peralta Giraldo
judicial,Judicial,Judicial,,Denunciaron que unidades de la Armada dispararon sin advertencia contra la lancha en la que viajaba la alcaldesa.,https://www.elespectador.com/judicial/no-somos-delincuentes-alcaldia-de-mosquera-narino-sobre-disparos-de-la-armada/,10:40 a. m.,09-09-2025,Redacción Judicial
judicial,Colombia + 20,Colombia + 20,Suscriptores,"Por la conmemoración del Día Nacional de los DD. HH. y a raíz de la reciente muerte de la lideresa Yanette Bautista, recordamos...",https://www.elespectador.com/colombia-20/dia-de-los-derechos-humanos-memoria-de-nydia-erika-bautista-y-su-hermana-yanette/,10:00 a. m.,09-09-2025,Centro Nacional de Memoria Histórica / Especial para El Espectador
judicial,Investigación,Investigación,Suscriptores,"La Fiscalía General dice que deforestaron más de 100 hectáreas, entre 2017 y 2021.",https://www.elespectador.com/investigacion/el-plan-de-los-menonitas-para-reparar-presuntos-danos-ambientales-en-el-meta-habrian-deforestado-100-hectareas/,09:00 a. m.,09-09-2025,David Escobar Moreno
judicial,Bogotá,Bogotá,Suscriptores,"El Espectador conoció la decisión de la Procuraduría, que sancionó a un teniente de la Policía, por no auxiliar al joven. ",https://www.elespectador.com/bogota/el-silenciado-asesinato-de-cristian-hernandez-a-cinco-anos-del-9s/,09-09-2025,09-09-2025,María Angélica García Puerto
judicial,Judicial,Judicial,Suscriptores,Hasta el mes de septiembre se han presentado 33 asonadas protagonizadas por la población civil.,https://www.elespectador.com/judicial/el-dilema-de-usar-a-poblacion-como-escudo-de-guerra-en-asonadas-contra-el-ejercito/,08-09-2025,09-09-2025,Valentina Gutiérrez Restrepo
judicial,Judicial,Judicial,,Entregó cifras de cómo avanza la sustitución de cultivos ilícitos en este gobierno.,https://www.elespectador.com/judicial/aspersion-con-glifosato-esto-dijo-el-ministro-de-defensa-de-la-propuesta-del-presidente/,08-09-2025,09-09-2025,Redacción Judicial
economia,Macroeconomía,Macroeconomía,,Le contamos cuáles son las razones detrás del repunte del precio del grano en la bolsa y el estado de la caficultura en el país.,https://www.elespectador.com/economia/macroeconomia/prima-del-cafe-arabica-alcanza-record-en-mas-de-una-decada-como-queda-colombia/,10:52 a. m.,09-09-2025,"Redacción Economía, con información de agencias"
economia,Finanzas personales,Finanzas personales,,La divisa permanece estable tras la apertura de las negociaciones de este martes.,https://www.elespectador.com/economia/finanzas-personales/precio-del-dolar-hoy-9-de-septiembre-en-colombia-noticias-hoy/,09:00 a. m.,09-09-2025,Redacción Economía
economia,Emprendimiento y Liderazgo,Emprendimiento y Liderazgo,,"Su portafolio ofrece cervezas 100 % frutales de maracuyá, cholupa, guanábana y  lulo, entre otras. ",https://www.elespectador.com/economia/emprendimiento-y-liderazgo/una-empresa-de-cerveza-artesanal-que-impulsa-el-desarrollo-regional-en-el-huila/,09:00 a. m.,09-09-2025,Tatiana Gómez Fuentes
economia,Empresas,Empresas,,La Subdirectiva Única de Oleoductos acusa a las compañías de represalias y contratos individuales que desconocen derechos...,https://www.elespectador.com/economia/empresas/denuncian-a-ecopetrol-por-supuesto-incumplimiento-sindical-que-dice-la-empresa/,07:59 a. m.,09-09-2025,Redacción Economía
economia,Economía,Economía,," Avianca sumó 400 asientos y Clic Air, 10 vuelos adicionales para conectar con la capital del departamento del Meta.",https://www.elespectador.com/economia/con-la-via-al-llano-cerrada-aerolineas-ponen-mas-vuelos-a-villavicencio-noticias-hoy/,08-09-2025,09-09-2025,Redacción Economía
economia,Macroeconomía,Macroeconomía,,"En su más reciente informe, el DANE dio a conocer cómo se han movido los precios del sector agropecuario en agosto de 2025.",https://www.elespectador.com/economia/macroeconomia/como-esta-el-mercado-y-por-que-tan-caro-esto-dice-el-dane-de-los-precios-del-agro-noticias-hoy-noticias-colombia/,08-09-2025,09-09-2025,Redacción Economía
mundo,Más países,Más países,,"Israel atacó a líderes de Hamás en Catar, mediador clave en Gaza. Doha denuncia una violación de su soberanía y crece la tensión...",https://www.elespectador.com/mundo/mas-paises/israel-ataca-a-lideres-de-hamas-en-catar-y-desata-una-tormenta-diplomatica/,09:30 a. m.,09-09-2025,Redacción Mundo
mundo,Más países,Más países,,"Un levantamiento juvenil en Nepal, liderado por la autodenominada “Generación Z”, provocó el colapso del gobierno de Nepal. Así...",https://www.elespectador.com/mundo/mas-paises/rebelion-en-nepal-como-los-jovenes-derrocaron-al-gobierno-en-solo-24-horas/,08:57 a. m.,09-09-2025,Agencia EFE
mundo,Más países,Más países,,"Un barco de la flotilla hacia Gaza, con Greta Thunberg a bordo, denunció haber sido atacado por un dron en Túnez.",https://www.elespectador.com/mundo/mas-paises/flotilla-con-ayuda-para-gaza-fue-impactada-por-un-dron-cerca-de-tunez/,07:41 a. m.,09-09-2025,Agencia AFP
mundo,Más países,Más países,,"El primer ministro de Nepal, Khadga Prasad Oli, renunció tras las protestas contra la prohibición de redes sociales que dejan 19...",https://www.elespectador.com/mundo/mas-paises/nepal-toma-del-parlamento-y-renuncia-del-primer-ministro-tras-mortales-protestas/,07:16 a. m.,09-09-2025,France 24
mundo,América,América,Suscriptores,"La 80ª Asamblea General de la ONU arranca en Nueva York con clima, Gaza, IA, salud mental y género como ejes de un futuro en...",https://www.elespectador.com/mundo/america/asamblea-general-de-la-onu-2025-desafios-y-prioridades-globales/,07:03 a. m.,09-09-2025,Laura Henao Arévalo
mundo,Política,Política,,"Según la Cancillería, en agosto pasado había, por lo menos, 38 colombianos detenidos en Venezuela.",https://www.elespectador.com/politica/gustavo-petro-habla-de-colombianos-detenidos-en-venezuela-hay-por-lo-menos-38-noticias-hoy/,06:52 a. m.,09-09-2025,Redacción Política
bogota,Bogotá,Bogotá,,"El ente de control confirmó, además, la existencia de 49 hallazgos fiscales por $9.289 millones en 15 Fondos de Desarrollo Local.",https://www.elespectador.com/bogota/contraloria-alerta-ineficiencia-por-baja-ejecucion-del-presupuesto-local-en-bogota/,11:28 a. m.,09-09-2025,Redacción Bogotá
bogota,Bogotá,Bogotá,,"El Espectador le cuenta cómo avanza la movilidad. Conozca el pico y placa, cómo opera Transmilenio y las novedades en las vías.",https://www.elespectador.com/bogota/movilidad-hoy-martes-9-de-septiembre-asi-esta-el-trafico-en-las-vias-de-bogota/,10:11 a. m.,09-09-2025,Redacción Bogotá
bogota,Bogotá,Bogotá,,Aproximadamente 100 personas que habían manifestado su voluntad de retornar se negaron a viajar. Distrito denunció prácticas...,https://www.elespectador.com/bogota/tension-en-retorno-embera-grupo-se-niega-a-salir-del-parque-nacional/,09:52 a. m.,09-09-2025,Redacción Bogotá
bogota,Bogotá,Bogotá,,Las autoridades ordenaron la evacuación de tres familias y se mantiene monitoreo constante en 10 viviendas con riesgos...,https://www.elespectador.com/bogota/cierres-en-la-via-al-llano-continuan-obras-de-remocion-completan-mas-de-48-horas/,08:48 a. m.,09-09-2025,Redacción Bogotá
bogota,Bogotá,Bogotá,,Cerca de 500 personas que permanecían en el ala norte del Parque Nacional salieron la noche del lunes.,https://www.elespectador.com/bogota/retorno-embera-en-marcha-bogota-inicia-traslado-de-comunidades-a-sus-resguardos/,06:54 a. m.,09-09-2025,Redacción Bogotá
bogota,Bogotá,Bogotá,Suscriptores,"El Espectador conoció la decisión de la Procuraduría, que sancionó a un teniente de la Policía, por no auxiliar al joven. ",https://www.elespectador.com/bogota/el-silenciado-asesinato-de-cristian-hernandez-a-cinco-anos-del-9s/,09-09-2025,09-09-2025,María Angélica García Puerto
politica,Política,Política,,El representante de oposición aseguró que no implica la pérdida de su curul.,https://www.elespectador.com/politica/miguel-polo-polo-se-abre-polemica-por-renuncia-al-consejo-comunitario-que-le-dio-el-aval-a-la-camara-noticias-hoy/,08-09-2025,09-09-2025,Redacción Política
politica,Política,Política,,Vea aquí la nueva edición de este formato de El Espectador.,https://www.elespectador.com/politica/estas-son-las-movidas-del-presidente-gustavo-petro-tras-el-triunfo-de-camargo-la-mesa-redonda-noticias-hoy/,08-09-2025,09-09-2025,Redacción Política
politica,Política,Política,,"Colombia Humana, Progresistas y la Minga Indígena Social y Popular se quedarían por fuera de la fusión de la izquierda.",https://www.elespectador.com/politica/pacto-historico-de-petro-reacciono-a-ponencia-del-cne-sobre-fusion-precandidatos-exigen-garantias-noticias-hoy/,08-09-2025,09-09-2025,Redacción Política
politica,Política,Política,,"Los alcaldes de Cali y Medellín han dicho que buscan fortalecer ""las relaciones diplomáticas"" de sus ciudades.",https://www.elespectador.com/politica/armando-benedetti-denunciara-alejandro-eder-federico-gutierrez-por-viaje-a-estados-unidos-gustavo-petro-noticias-hoy/,08-09-2025,09-09-2025,Redacción Política
politica,Política,Política,,"Según el presidente Petro, siete soldados permanecen retenidos de manera ilegal en El Tambo (Cauca).",https://www.elespectador.com/politica/presidente-petro-abre-la-puerta-a-la-fumigacion-aerea-de-cultivos-de-uso-ilicito/,08-09-2025,09-09-2025,Redacción Política
politica,Política,Política,,La ponencia se votaría el jueves en la sala plena del Consejo Electoral.,https://www.elespectador.com/politica/pacto-historico-gustavo-petro-cne-condiciona-union-de-la-izquierda-y-quedaria-por-fuera-colombia-humana-progresistas-noticias-hoy/,08-09-2025,09-09-2025,Redacción Política
judicial,Judicial,Judicial,,La Fiscalía y la Procuraduría abrieron indagaciones para aclarar lo ocurrido en el hecho en el que murió un asesor de la política.,https://www.elespectador.com/judicial/abren-indagaciones-por-disparos-de-la-armada-a-lancha-de-alcaldesa-de-mosquera-narino/,08-09-2025,09-09-2025,Redacción Judicial
judicial,Judicial,Judicial,,La Superintendencia de Industria y Comercio (SIC) anunció que los contratos investigados serían de más de $86.000 millones.,https://www.elespectador.com/judicial/caso-ungrd-las-cinco-empresas-relacionadas-con-millonarios-contratos-bajo-la-lupa-de-la-sic/,08-09-2025,09-09-2025,Redacción Judicial
judicial,Judicial,Judicial,,En medio de la audiencia le fue asignada una abogada de oficio para que lo defendiera.,https://www.elespectador.com/judicial/audiencia-de-juicio-contra-camilo-romero-fue-aplazada-en-medio-de-reclamos-a-magistrados/,08-09-2025,09-09-2025,Redacción Judicial
judicial,Judicial,Judicial,,La red habría sometido a por lo menos 48 mujeres a explotación sexual y consumo forzado de drogas. ,https://www.elespectador.com/judicial/capturan-cinco-presuntos-integrantes-de-red-de-trata-que-operaba-entre-medellin-y-europa/,08-09-2025,09-09-2025,Redacción Judicial
judicial,Judicial,Judicial,,"Los primeros 27 uniformados fueron liberados en la noche del domingo, tras ser retenidos por un grupo de civiles.",https://www.elespectador.com/judicial/liberan-a-los-45-soldados-que-seguian-retenidos-en-cauca/,08-09-2025,09-09-2025,Redacción Judicial
judicial,Judicial,Judicial,,El hecho ocurrió en un establecimiento comercial del barrio Nueva Ilusión. Es el acto de este tipo que se registra en 2025.,https://www.elespectador.com/judicial/masacre-en-cucuta-tres-hombres-fueron-asesinados-y-dos-mujeres-quedaron-heridas/,08-09-2025,09-09-2025,Redacción Judicial
economia,Economía,Economía,,"En el octavo mes del año, la tasa promedio a la que prestaron los bancos se ubicó en 16,7 %.",https://www.elespectador.com/economia/agosto-dejo-mas-creditos-para-consumo-y-vivienda-estas-son-las-cifras-noticias-colombia/,08-09-2025,09-09-2025,Redacción Economía
economia,Economía,Economía,Suscriptores,Los apartamentos se hacen más compactos y los amenities más grandes. ¿Son un valor agregado o un espejismo de exclusividad?,https://www.elespectador.com/economia/zonas-comunes-o-elefantes-blancos-el-debate-en-la-vivienda-en-colombia-noticias-colombia/,08-09-2025,09-09-2025,Daniel Felipe Rodríguez Rincón 
economia,Empresas,Empresas,,"Informe señala que la informalidad persiste en sectores como agricultura (84,6 %), alojamiento (78,4 %) y construcción (66,5 %).",https://www.elespectador.com/economia/empresas/lo-que-hay-detras-de-la-caida-del-desempleo-segun-anif-noticias-hoy-noticias-colombia/,08-09-2025,09-09-2025,Redacción Economía
economia,Economía,Economía,,Los bonos en euros se suman a la estrategia de recompras y diversificación de la deuda pública.,https://www.elespectador.com/economia/colombia-busca-inversionistas-en-europa-con-nuevos-bonos-en-euros-noticias-hoy/,08-09-2025,09-09-2025,"Redacción Economía, con información de agencias"
economia,Finanzas personales,Finanzas personales,,"Bancolombia anunció hace varios días sobre pausa en el funcionamiento del sistema Bre-B en su aplicación, esta es la fecha de...",https://www.elespectador.com/economia/finanzas-personales/cuando-acaba-el-mantenimiento-de-bre-b-en-bancolombia-noticias-hoy-noticias-colombia/,08-09-2025,09-09-2025,Redacción Economía
economia,Emprendimiento y Liderazgo,Emprendimiento y Liderazgo,,Es el primer unicornio colombiano que superó la valoración de los US$ 1000 millones. ,https://www.elespectador.com/economia/emprendimiento-y-liderazgo/amazon-adquiere-participacion-en-rappi-para-competir-con-mercadolibre-en-la-region/,08-09-2025,09-09-2025,Agencia Bloomberg
mundo,América,América,,"Durante una reunión virtual de los BRICS, Lula da Silva expresó su inconformismo frente al despliegue militar estadounidense en...",https://www.elespectador.com/mundo/america/brasil-rechaza-la-accion-de-estados-unidos-en-el-caribe-es-incompatible-con-la-vocacion-pacifica-de-la-region/,08-09-2025,09-09-2025,Agencia AFP
mundo,América,América,,Ortega y Murillo autorizaron a su hijo para suscribir acuerdos de cooperación de Nicaragua con Jersón y Lugansk. ,https://www.elespectador.com/mundo/america/nicaragua-firmara-acuerdos-con-regiones-ucranianas-ocupadas-por-rusia/,08-09-2025,09-09-2025,Agencia EFE
mundo,Venezuela,Venezuela,,"El ministro de Defensa de Venezuela reforzará la presencia militar en las aguas del Caribe y el Atlántico, siguiendo órdenes de...",https://www.elespectador.com/mundo/venezuela/venezuela-amplia-sus-militares-en-el-caribe-y-se-esta-preparando-en-caso-de-agresion/,08-09-2025,09-09-2025,Redacción Mundo
mundo,Más países,Más países,,La protesta tuvo lugar después de que el Ministerio de Comunicación y Tecnologías de la Información anunciara el bloqueo de 26...,https://www.elespectador.com/mundo/mas-paises/al-menos-17-muertos-en-nepal-en-protesta-contra-bloqueo-de-las-redes-sociales/,08-09-2025,09-09-2025,Unidad de Video
mundo,América,América,Suscriptores,"El domingo en Argentina Axel Kicillof triunfó como gobernador en la provincia de Buenos Aires, representando un desafío directo...",https://www.elespectador.com/mundo/america/se-le-aparecio-la-virgen-al-kirchnerismo-kicillof-triunfo-en-elecciones-argentinas/,08-09-2025,09-09-2025,Juliana Valentina Vélez
mundo,América,América,,La llegada del funcionario del gobierno de Trump coincidió con las maniobras de las Fuerzas Armadas estadounidenses en la isla.  ,https://www.elespectador.com/mundo/america/el-secretario-de-guerra-de-estados-unidos-visito-puerto-rico-en-medio-de-las-tensiones-con-venezuela/,08-09-2025,09-09-2025,Agencia EFE
bogota,Economía,Economía,," Avianca sumó 400 asientos y Clic Air, 10 vuelos adicionales para conectar con la capital del departamento del Meta.",https://www.elespectador.com/economia/con-la-via-al-llano-cerrada-aerolineas-ponen-mas-vuelos-a-villavicencio-noticias-hoy/,08-09-2025,09-09-2025,Redacción Economía
bogota,Bogotá,Bogotá,,La cadena de restaurantes informó que los demás aspectos del establecimiento pasaron los controles.,https://www.elespectador.com/bogota/andres-carne-de-res-debera-desactivar-maquina-que-ocasiono-grave-accidente-en-una-de-sus-sedes/,08-09-2025,09-09-2025,Redacción Bogotá
bogota,Bogotá,Bogotá,,"Según el Distrito, estos empleos ofrecen mayor formalidad y salarios. ",https://www.elespectador.com/bogota/en-bogota-mas-de-307-mil-personas-trabajan-en-empleos-digitales-conozca-mas/,08-09-2025,09-09-2025,Redacción Bogotá
bogota,Bogotá,Bogotá,,"La mayoría de los casos se han presentado en las localidades de Suba, Kennedy y Engativá.  ",https://www.elespectador.com/bogota/segun-estudio-las-mujeres-registran-mas-casos-de-conducta-suicida-en-bogota/,08-09-2025,09-09-2025,Redacción Bogotá
bogota,Bogotá,Bogotá,Suscriptores,Esta semana más de 1.600 indígenas emberas regresan a sus cabildos. Hablamos con varios líderes sobre sus impresiones de este...,https://www.elespectador.com/bogota/con-esperanza-y-dudas-comunidad-embera-emprende-el-retorno-a-sus-territorios/,08-09-2025,09-09-2025,Camilo Tovar Puentes
bogota,Bogotá,Bogotá,,Cerca del 3 % de los escombros en el punto del deslizamiento han sido removidos. ,https://www.elespectador.com/bogota/trabajan-en-remocion-de-escombros-para-habilitar-paso-alterno-en-la-via-al-llano/,08-09-2025,09-09-2025,Redacción Bogotá
