article_header,author,category,content,date_parsed,date_raw,sub_category,subcription,title,url
El encuentro busca sellar una alianza rumbo a 2026 y consolidar un bloque contra las reformas del Gobierno Petro en el Congreso.," El Colombiano
                     ",Colombia,"De cara a las  elecciones de 2026 , este miércoles se conoció que los partidos  Centro Democrático y Cambio Radical  buscan realizar una  gran “cumbre de la oposición” con miras a concretar alianzas  y finiquitar cohesiones que les permitan llegar unidos a la  próxima contienda electoral.
Si bien inicialmente se tenía previsto que el  encuentro se realizará a mediados de octubre,  a días de las consultas interpartidistas, la emisora  La FM  conoció que la reunión podría  celebrarse el próximo 24 de septiembre.

Al parecer, la “gran cumbre” tendría como objetivo que  haya una alianza entre las dos cabezas más visibles de ambas colectividades : el expresidente  Álvaro Uribe Vélez  y el exvicepresidente  Germán Vargas Lleras.


No obstante, la alianza también buscaría  comenzar a operar desde ya, de cara a afianzar un bloque contra iniciativas del Gobierno de Gustavo Petro  en el Congreso, entre ellas, la  reforma a la salud, la reforma tributaria  o una eventual  Constituyente.

A la espera de que se resuelva su caso en segunda instancia y pasado un mes desde que se conoció la sentencia en su contra, la semana pasada el  expresidente Álvaro Uribe Vélez volvió a sacudir el ajedrez político y electoral  de Colombia. El director del Centro Democrático, Gabriel Vallejo, confirmó lo que durante semanas fue un rumor: que el  exmandatario buscará volver al Senado y participará en los comicios de 2026.
“Si los temas judiciales se lo permiten, el presidente  Álvaro Uribe será el número 25 en la lista al Senado (...) No es que él haya aceptado la nominación, él fue el que la propuso  y obviamente para el partido es un honor que él esté pensando en un momento tan difícil para Colombia”, declaró.
Con Uribe como gran jalonador de la lista y como  referente de la oposición al Gobierno de Gustavo Petro,  el partido espera sumar al menos  25 senadores –casi un cuarto de la cámara alta–  a través de una lista cerrada. Se trata de aquella lista en la que los ciudadanos votan solo por el  partido o coalición, y no por un candidato en específico.
La apuesta del partido es clara: con Uribe a la cabeza, el objetivo es casi que  duplicar el número de senadores con los que cuenta el uribismo hoy (13 en total),  lo que le aseguraría ser la fuerza mayoritaria en la Corporación con casi uno de cada cuatro senadores.
En su última aventura electoral en ciernes,  Uribe fue cabeza de lista al Senado en 2018 y logró 872.000 votos, siendo de lejos el congresista más votado de la historia  y asegurándole 19 escaños al Centro Democrático. Inclusive, en ese entonces el presidente  Iván Duque llegaba con la bendición del exmandatario.
Por su parte, el ex vicepresidente  Germán Vargas Lleras,  quien estuvo  alejado de asuntos políticos por cuenta de un tratamiento médico  al que fue sometido en Estados Unidos, regresó al país a finales de agosto y fue el artífice de una  reunión con la bancada del partido Cambio Radical.

El encuentro se realizó en la sede de la colectividad en Bogotá y durante la reunión se trataron asuntos relacionados no solo con la  oposición al Gobierno de Gustavo Petro,  sino con las  elecciones legislativas y presidenciales de 2026.
En esa línea, hubo varios congresistas que le insistieron a  Vargas Lleras que se lance formalmente para integrar el partidor para competi r por llegar a la Casa de Nariño a partir del 7 de agosto de 2026. Sin embargo, se trata de una determinación que aún está estudiando el dirigente.
Por otro lado, la bancada habló de las  eventuales alianzas con miras a los comicios  y hubo quienes formularon críticas a eventuales uniones con partidos como el  Liberal, Conservador o La U  que, aunque declarados en independencia, han ayudado a ciertos proyectos del Gobierno Petro.", 17 de septiembre de 2025 , 17 de septiembre de 2025 ,politica,,Uribe y Vargas Lleras acercan posiciones para alianza en 2026: alistan gran cumbre de la oposición,https://www.elcolombiano.com/colombia/uribe-vargas-lleras-elecciones-2026-cumbre-IC29188347
Once partidos políticos reclamaron al Gobierno Petro por la descertificación de EE. UU. y pidieron medidas más firmes contra las drogas. Advierten que cultivos ilícitos y grupos armados crecen sin decisiones claras.," El Colombiano
                     ",Colombia,"Luego de que  Estados Unidos retiró la certificación a Colombia  como  aliado en la lucha contra las drogas,  este miércoles  11 partidos de diferentes corrientes ideológicas  –particularmente  independientes y de oposición –, reclamaron por la  “inacción” del Gobierno de  Gustavo Petro   y pidieron medidas más severas para  luchar contra el narcotráfico. Le puede interesar:  La diplomacia de los alcaldes: así fueron las gestiones que moderaron la descertificación de EE. UU. contra Colombia
Los partidos –en cabeza de  Cambio Radical, Centro Democrático, Liberal y Conservador–,  rechazaron la respuesta del jefe de Estado a las sanciones y advirtieron que las  afirmaciones del Ejecutivo no reflejan la postura del país  y “constituyen un  agravio  a una nación que ha respaldado a Colombia en este esfuerzo durante décadas”.
En esa línea, los partidos ratificaron su  respeto a Estados Unidos e instaron a que se implementen “medidas más severas y efectivas contra el narcotráfico”,  entre ellas priorizar la interdicción, así como la  erradicación de cultivos ilícitos.


“La decisión de Washington  no se dirige contra nuestras instituciones ni contra aquellos en Colombia que han enfrentado esta batalla,  sino que es un cuestionamiento a la dirección política de un gobierno que ha fracasado en su responsabilidad”, precisaron.
Por otro lado, las colectividades advirtieron que  Colombia no puede resignarse a permitir que los cultivos de coca se acerquen a las 300.000 hectáreas  ni a ver cómo se fortalecen los  grupos armados ante “la inacción” del Gobierno.

“La  seguridad, la institucionalidad y la vida de los ciudadanos  requieren decisiones firmes y un compromiso real en la lucha contra las drogas. Asumimos el compromiso con el apoyo de los colombianos y la  comunidad internacional de luchar contra el narcotráfico y los cultivos ilícitos”,  concluyeron.
Los 11 partidos son  Centro Democrático, Cambio Radical, Partido Conservador, Partido Liberal, Partido de la U, Colombia Justa Libres, Oxígeno, Liga de Gobernantes Anticorrupción, MIRA y Salvación Nacional.
Si bien expertos y analistas discutieron  salidas y planes concretos para que Colombia revierta la  descertificación , el presidente  Gustavo Petro tomó otro rumbo.  Sus discursos no solo contrastan con esas recomendaciones, sino que avivan la polémica.
“Eliminamos la obligación de la erradicación forzada.  Estados Unidos deja de obligarnos y de presionarnos a pasar de la sustitución voluntaria a la forzada.  Ojo, se acabó eso, no más policías muertos. Ya veremos cómo lo hacemos”, dijo.
También arremetió contra la  dependencia militar, advirtiendo que esa etapa también llega a su fin:  “Se acaba la dependencia del Ejército de Colombia y sus Fuerzas Militares del armamento de los Estados Unidos.  No más limosnas ni regalos. Ya descertificaron, ya esa es la decisión.  Al Ejército de Colombia le va mejor si compra sus armas o las hace con nuestros recursos propios, porque si no, no será un ejército de la soberanía nacional”.
Finalmente, restó importancia a la ayuda norteamericana: “¿Me preocupa la ayuda de los Estados Unidos?  Nosotros somos los que estamos ayudando a los Estados Unidos , porque el problema es de ellos, no de nosotros. Y es con presupuesto, reemplazamos eso con presupuesto. Y lo primero es inteligencia y armas”. Siga leyendo:  Descertificación de EE. UU.: ¿qué riesgos enfrenta la relación bilateral y la economía colombiana?", 17 de septiembre de 2025 , 17 de septiembre de 2025 ,politica,,Descertificación: 11 partidos exigen medidas “más severas” contra drogas y rechazan la pasividad del Gobierno Petro,https://www.elcolombiano.com/colombia/descertificacion-partidos-exigen-medidas-mas-severas-CD29191056
"La Corte Constitucional dio a la Cámara de Representantes hasta el 19 de septiembre para entregar las actas que definirán la legalidad de la reforma pensional. Sin esos documentos, el alto tribunal no podrá decidir sobre el proyecto clave del Gobierno Petro."," El Colombiano
                     ",Colombia,"No habrá más prórrogas.  Este miércoles la Corte Constitucional accedió a  prolongar los tiempos para que la mesa directiva de la Cámara de Representantes  remita las  actas de las plenarias extraordinarias  en las que supuestamente se subsanó el trámite de la  reforma pensional.  Sin embargo, el alto tribunal advirtió que  no permitirá más largas y el plazo será el próximo viernes 19 de septiembre. Le puede interesar:  Reforma pensional en suspenso: Cámara pide más plazo a la Corte Constitucional para entregar actas clave
A través de un auto firmado por el  magistrado Jorge Enrique Ibáñez,  la Corte le dio la  última prórroga al presidente de la Cámara, Julián David López , buscando que entregue las actas de los días  27 y 28 de junio.  Lo anterior, luego de que el propio congresista pidió  más plazos para allegar los documentos.

La solicitud fue enviada el pasado  12 de septiembre en una carta dirigida a Andrea Liliana Romero López, secretaria general del alto tribunal.  En la misiva, López argumentó que se requiere más plazo debido al  “alto volumen de la información” que debe compilarse para cumplir con el requerimiento.

Las actas son claves en tanto la  Corte fue enfática en señalar que sin los documentos completos n o habrá decisión de fondo alrededor de si fue legal o no el trámite de la  reforma pensional, uno de los proyectos bandera del Gobierno  Petro.
Ibáñez advirtió que la falta de estos documentos  “impide a esta Corte contar con un acervo probatorio completo y fidedigno”.
Fue a finales de junio, durante sesiones extraordinarias, en las que la  Cámara adelantó la subsanación del trámite de la reforma pensional  por orden del propio tribunal. Lo anterior, ante la  demanda de inconstitucionalidad  que interpuso la senadora y precandidata presidencial Paloma Valencia (Centro Democrático), que reclamó que durante el trámite del proyecto presuntamente  se eludió su trámite en la plenaria de la cámara baja.
La Corte busca establecer  si hubo una certificación formal  en la que se indique, “de manera clara y expresa”, si las  actas de las sesiones plenarias extraordinarias fueron aprobadas o no  por la Cámara; la fecha en que se adoptó la decisión;  el número de votos exigidos para su aprobación y el número de votos efectivamente obtenidos,  e informar si alguna de las actas permanece pendiente de aprobación.
Lea aquí:  Las tantas veces que Petro atacó al Banco de la República y cuestionó su independencia
Además, una  copia de los órdenes del día  en los que se haya incluido como  punto específico de discusión y eventual votación la aprobación de las actas . Lo anterior, atendiendo también una acción pública de inconstitucionalidad presentada por la representante Katherine Miranda (Alianza Verde).
Según la congresista, en el Acta 256 –que data de la sesión del 27 de junio, en la que se anunció el proyecto–,  solo había 77 representantes en la plenaria,  un “número insuficiente para conformar quorum decisorio”. Por otro lado, frente al Acta 257 Miranda alegó que hubo  constancias de varios congresistas en la que advierten que no pudieron votar,  por lo que “no podían ser contabilizados como  participantes de las votaciones allí consignadas”.
Aunque han pasado casi tres meses desde el primer requerimiento, la  Cámara no ha entregado los documentos.  Este retraso mantiene en el limbo la  revisión de la Ley 2381 de 2024,  que creó el Sistema de Protección Social Integral para la Vejez, Invalidez y Muerte de origen común.
La Corte encontró un  vicio de procedimiento y ordenó a la corporación subsanarlo,  lo que derivó en las sesiones extraordinarias convocadas por el Gobierno en junio. Ahora, el  alto tribunal necesita comprobar si ese trámite realmente fue corregido. Siga leyendo:  ¿Por qué es tan disputada la elección del próximo magistrado de la Corte Constitucional? Estas son las reformas en juego", 17 de septiembre de 2025 , 17 de septiembre de 2025 ,politica,,Corte Constitucional da último plazo a la Cámara para entregar actas de la reforma pensional,https://www.elcolombiano.com/colombia/corte-ultimatum-reforma-pensional-LD29196629
"La determinación fue adoptada por unanimidad e implica la fusión de la Unión Patriótica (UP), Polo Democrático y el Partido Comunista Colombiano."," El Colombiano
                     ",Colombia,"El  Consejo Nacional Electoral (CNE)  aprobó este miércoles la  fusión de los partidos  que integran el  Pacto Histórico,  pero dejó por fuera de la alianza a los movimientos  Colombia Humana y Progresistas.  La decisión fue aprobada por unanimidad en sala plena con nueve fotos a favor y cero en contra. Si bien la alianza es una  buena noticia para el petrismo con miras a llegar unificado  para las elecciones de 2026, representa un revés con miras a la consulta interpartidista que se realizará en octubre próximo. Lo anterior, dado que  no participarían Colombia Humana ni Progresistas , partidos a los que pertenecen precandidatos como  Gustavo Bolívar, la exministra Susana Muhamad, la senadora Gloria Flórez, el exalcalde Daniel Quintero, la exministra Carolina Corcho o la senadora María José Pizarro.

Según la determinación,  Colombia Humana –partido al que pertenece el hoy presidente Gustavo Petro–  no podrá participar, dado que en el proceso en el que se consultó a sus bases si querían integrar el Pacto Histórico  no se alcanzó el número de votos requeridos por sus propios estatus.  Si bien participaron  1.280 militantes,  el umbral era mayor si se tiene en cuenta que suma  76.315 afiliados.


“Del acta de la asamblea se desprende que se acreditaron  1.870 delegados y asistieron 1.280,  cifra que, aun cuando representa a primera vista una mayoría respecto de los delegados inscritos, dista sustancialmente de la  proporción estatutaria de dos tercios de los afiliado s, exigida para integrar el quórum deliberatorio”, señala el fallo.
Lo anterior indica que los candidatos de  Colombia Humana tendrían que celebrar una consulta entre ellos,  dejando por fuera a personajes como  Pizarro, de Progresistas . A su turno, en la consulta del Pacto Histórico solo participarían  Iván Cepeda (avalado por el Polo) o Gloria Ramírez (del Partido Comunista).

La única salida para que Colombia Humana y Progresistas puedan participar en la coalición del Pacto es que  para la fecha de las consultas, el 26 de octubre, ya tengan concluidas en el propio CNE las investigaciones  en su contra por presuntas irregularidades administrativas.
En este contexto, el fallo del CNE supone otro escollo. Aunque reconoció personería jurídica al Pacto Histórico, estableció también que  el visto bueno estará condicionado a la terminación de los procedimientos sancionatorios  iniciados hasta la fecha de presentación de solicitud de fusión (13 de junio de 2025).
El objetivo es que los  magistrados analicen y resuelvan dichos procesos antes del primer día de inscripciones  para Congreso, es decir, el 8 de noviembre de 2025. Sin embargo, ello implicaría que  no puedan participar en las interpartidistas del 26 de octubre.

“Adicionalmente, los  procesos sancionatorios que se inicien con posterioridad a la fecha de esta decisión de los partidos que se fusionan, serán asignados al Pacto Histórico ”, precisa la determinación.", 17 de septiembre de 2025 , 17 de septiembre de 2025 ,politica,,"CNE da vía libre a unificación de partidos del Pacto Histórico, pero excluyó a Colombia Humana y Progresistas, ¿por qué?",https://www.elcolombiano.com/colombia/cne-avala-fusion-del-pacto-historico-pero-sin-progresistas-ni-colombia-humana-BD29199338
"El CNE otorgó reconocimiento legal al Pacto Histórico, pero dejó por fuera a Colombia Humana y Progresistas, lo que pone en riesgo su consulta interna del 26 de octubre."," Javier González Penagos
                     ",Colombia,"“Nos acaban de entregar una personería jurídica envenenada”.  En estos términos, el precandidato presidencial  Gustavo Bolívar  describió el sabor agridulce que se vivió este miércoles en las huestes del petrismo. Si bien después de meses el  Consejo Nacional Electoral (CNE)  les otorgó personería jurídica –su reconocimiento legal con derecho a financiación–, lo hizo de forma  condicionada  y puso a tambalear la cohesión de movimientos que esperan  participar en la consulta interna del próximo 26 de octubre.
Aunque la autoridad dio vía libre a la  fusión de los partidos que integran el Pacto Histórico  – Polo Democrático Alternativo, Unión Patriótica y Partido Comunista  Colombiano–, dejó por fuera a los movimientos  Colombia Humana y Progresistas . La decisión fue aprobada por unanimidad en sala plena con nueve fotos a favor y cero en contra.
Según la determinación, emitida con sentencia del magistrado  Altus Baquero , la Colombia Humana –partido al que pertenece el hoy  presidente Gustavo Petro – no podrá participar, dado que en el  proceso en el que se consultó a sus bases si querían integrar el Pacto Histórico  no se alcanzó el número de votos requeridos por sus  propios estatus.
Pese a que  participaron 1.280 militantes,  era necesario contar con un  quórum de las dos terceras partes de los miembros afiliados . Dado que actualmente  Colombia Humana tiene 114.381 afiliados,  se necesitaba que participaran  76.315 para que hubiese quorum deliberatorio , según la norma.

En el caso de  Progresistas,  la autoridad electoral aseguró que su personería jurídica aún está condicionada a que se resuelvan los  procesos sancionatorios  adelantados contra el Movimiento Alternativo Indígena y Social  (MAIS),  “circunstancia que a la fecha de adopción de la presente decisión no se ha acreditado, por lo que  no es procedente incluir a dicha organización en el proceso de fusión en cuestión”.

Inclusive, se buscaba integrar a un movimiento denominado  Minga Indígena Social y Popular;  sin embargo, el CNE advirtió que  no tenía personería jurídica,  por lo que no podría incluirse en el proceso.
La personería jurídica condicionada supone un  golpe para el Pacto Histórico de cara a la consulta interna  que pretendían adelantar el  próximo 26 de octubre,  dado que del grupo inicial de nueve precandidatos no participarían figuras como  Gustavo Bolívar, Susana Muhamad, Gloria Flórez, Daniel Quintero, Carolina Corcho o María José Pizarro.  Lo anterior, en la medida en que hacen parte de la  Colombia Humana o Progresistas.
De hecho, a la luz de la decisión solo podrían participar en la consulta interna el senador  Iván Cepeda  (Polo Democrático) y la exministra del Trabajo,  Gloria Inés Ramírez  (Partido Comunista).
Según fuentes consultadas al interior del CNE, la única salida para que Colombia Humana y Progresistas puedan participar en la coalición del Pacto es que  para la fecha de las consultas ya tengan concluidas las investigaciones  que adelanta el propio tribunal en su contra por  presuntas irregularidades administrativas.
Por si fuera poco, aunque el CNE reconoció personería jurídica al Pacto Histórico, estableció también que ello estará condicionado a la  terminación de los procedimientos sancionatorios iniciados  hasta la fecha de presentación de solicitud de fusión (13 de junio de 2025). Es decir, aun si se hubiere aprobado la fusión de todos los movimientos,  aún deben resolverse las sanciones antes del 26 de octubre.
“Se exhortará a los magistrados para que,  antes del primer día de inscripciones para Congreso de la República, es decir, el 08 de noviembre de 2025, resuelvan las investigaciones  pendientes de las agrupaciones políticas que se fusionan”, precisa el fallo.
EL COLOMBIANO pudo establecer que hay  nueve  procesos contra  Colombia Humana, cuatro contra el Polo, tres contra MAIS y tres contra la UP.
“Están buscando impedir mi candidatura presidencial  y proscribirme políticamente. Con la decisión de CNE queda claro que existe un  cónclave con intereses oscuros detrás de mi aspiración  y de la unidad del Pacto Histórico. No quieren tampoco que haya consulta de nuestro movimiento en octubre”, reclamó la senadora María José Pizarro.
A su turno, la  exministra Susana Muhamad  alegó que el CNE no permite la participación en igualdad de condiciones “a una de las  fuerzas mayoritarias de la democracia  colombiana para las elecciones del 2026”.
En medio del maremoto político, asegurando que  “la derecha nos quiere ver divididos y que la consulta saque menos votos”,  el exalcalde Quintero propuso que “en lugar de realizar la consulta interna –que es la que tenemos programada–,  realicemos una consulta interpartidista. Se realizaría el mismo 26 de octubre  y así todos vamos a poder participar”.
Lo cierto es que el secretario general de la UP, el representante Gabriel Becerra, reclamó que la decisión “desconoce nuestra voluntad de organizarnos en un solo movimiento político”, por lo que anunció que el Comité Político Nacional del Pacto se reunirá de urgencia y adoptará medidas.
“Debemos acudir  a todas las vías legales, constitucionales y políticas  para proteger nuestros derechos de participación política”, explicó.
Por ahora, sin descartar acudir a instancias internacionales, el  Pacto buscaría impugnar la decisión; no obstante, una solución definitiva al caso tomaría meses  y al final no podrían participar en la consulta interna. ¿Qué camino tomarán?", 17 de septiembre de 2025 , 17 de septiembre de 2025 ,politica,,“Nos quieren dividir”: el Pacto Histórico reacciona tras personería condicionada del CNE,https://www.elcolombiano.com/colombia/pacto-historico-decision-cne-personeria-juridica-LL29223811
El presidente se refirió a la descertificación de Colombia por parte de Estados Unidos por incumplir sus compromisos en la lucha contra las drogas.," El Colombiano
                     ",Política,"Tras el anuncio de la desertificación por parte de Estados Unidos a Colombia en la lucha contra las drogas, el presidente de la República, Gustavo Petro, defendió su gestión en este proceso y calificó la decisión del país norteamericano como un “ataque ideológico”.
Le puede interesar:  “Aquí lo espero si quiere”: Petro reta a Trump y le dice que descertificación es una “grosería” .

El presidente Petro aseguró que la descertificación anunciada por Estados Unidos fue “injusta y una grosería”, pues según el mandatario, la política antidrogas implementada ha generado avances nunca antes vistos.

“Me refiero, básicamente, a lo que considero una injusticia: una grosería profunda contra el país que más sangre ha regado para que la sociedad de los Estados Unidos y de Europa no consuma tanta cocaína. Es también un insulto, obviamente, para mi vida personal, porque, si algún líder político después de Galán, Luis Carlos, ha luchado contra el narcotráfico, ese he sido yo, a costa de la inseguridad permanente en la que he vivido”, indicó el presidente Petro durante su alocución.
Gustavo Petro defendió que durante su administración se abandonó el viejo modelo de erradicación de cultivos y se adoptó la sustitución voluntaria, proceso que le ha permitido en 2025 alcanzar 22,433 hectáreas de cultivos ilícitos sustituidas, según dijo.
Así mismo, fue enfático en que lo relevante es el número de incautaciones: una cifra que dijo que es superior frente a los Gobiernos anteriores (Uribe, Santos y Duque). “Quemando las casas a campesinos no se resuelve el problema de las drogas, se resuelve incautando a las mafias”, señaló el mandatario.
Así mismo, expresó que en 2024 incautaron 889 toneladas de cultivos ilícitos y sobre esto indicó, en referencia a Álvaro Uribe y Juan Manuel Santos, que “antes nunca se llegó a esa cifra: 746, 659, 428, 413 toneladas, y menos de 200 con su amigo, el presidente que gobernó entre el 2002 y el 2014”.
Sin embargo, el primer mandatario aseguró que el presidente estadounidense tomó la decisión de descertificar a Colombia a partir de intereses propios y un sesgo político, obviando las cifras del país en materia de la lucha antidrogas.
“Decidieron no mirar las cifras que se les entregaron, en cambio si, una alianza ideológica de extrema derecha en la gente de Miami Colombiana muy rica que vive cerca a los que hoy Gobiernan Estados Unidos”, puntualizó Gustavo Petro.
“Le advierto, señor Trump, que en mis investigaciones sobre narcotráfico, ese poder político que vive sobre usted en Miami, proviene de una fuerte alianza entre narcotraficantes y políticos colombianos, tenga mucho cuidado y le puede mostrar cuando quiera las investigaciones que realice y que fueron materia de procesos judiciales”, añadió el presidente de Colombia.
Estados Unidos argumentó que Colombia había “fallado notablemente” durante el último año en sus obligaciones combatiendo el narcotráfico, lo que lo llevó a tomar la decisión de certificar al país sudamericano en esta lucha.
Para leer más noticias sobre política, paz, salud, judicial y actualidad, visite la  sección Colombia  de EL COLOMBIANO.", 17 de septiembre de 2025 , 17 de septiembre de 2025 ,politica,,Petro defendió con cifras cuestionables sobre cultivos ilícitos la política antidroga de su gobierno: no volverá a erradicación forzada,https://www.elcolombiano.com/colombia/politica/gustavo-petro-asegura-2025-sustituido-22433-hectareas-cultivos-ilicitos-FJ29205653
"La moción de censura contra el ministro de Defensa, Pedro Sánchez, se salió de control tras un enfrentamiento entre los representantes Jaime Raúl Salamanca y Luz Pastrana. El choque, marcado por acusaciones de irrespeto, sabotaje y gritos en la plenaria, opacó el debate de seguridad."," El Colombiano
                     ",Colombia,"Una  caldeada discusión  se registró este miércoles durante la  moción de censura que la Cámara de Representantes  adelantó en contra del  ministro de Defensa, Pedro Sánchez.  En un hecho inusual, el funcionario acudió el miércoles a dar  continuidad a una sesión que arrancó el martes  y en la que fue cuestionado por la  crisis de orden público y crecimiento de cultivos de uso ilícito.
Mientras el ministro sustentaba cifras alrededor de delitos como el  homicidio, la extorsión o la minería ilegal,  fue interrumpido por el representante  Jaime Raúl Salamanca (Alianza Verde),  otrora presidente de la Corporación y uno de los mayores  aliados del Gobierno de Gustavo Petro  en la Cámara.
Al pedir una moción de procedimiento, Salamanca no solo reclamó por el hecho de que  Sánchez haya tenido que comparecer en dos sesiones a la Cámara , sino que advirtió que los representantes de oposición no estaban atendiendo la exposición por  estar revisando sus celulares.  Por ello, pidió revisar el quorum de la sesión.
“Yo sí quiero llamar la atención por una situación que se viene presentando en esta sesión plenaria.  Resulta que al ministro se le cita acá a una sesión para que responda  por los temas de seguridad en el país, no solo en una, sino en  dos sesiones consecutivas.  No sé basados en qué sustento jurídico, pero  nadie le está poniendo atención al ministro. Están pegados al celular los señores de la oposición ”, alegó el expresidente.

Semejante señalamiento causó  molestia e indignación entre los congresistas de oposición,  en cabeza de la representante Luz Pastrana (Cambio Radical), quien negó las acusaciones y explicó el por qué del uso de su teléfono móvil.
“Es un absoluto irrespeto lo que está haciendo Jaime Raúl Salamanca en este momento.  Yo pido respeto por los que estamos aquí escuchando  y si estoy con celular en algún momento estaba haciendo  verificación de las cifras del ministro con las cifras mías,  porque yo sí presento cifras, no como usted”, aseguró.
La discusión se extendió extramicrófonos y en un video que no tardó en hacerse viral se observa cómo  Pastrana increpa y le reclama con fuerza a Salamanca.
En diálogo con este diario, la representante explicó que  al lanzar las acusaciones y buscando verificar el quorum, Salamanca pretendía sabotear  la moción de censura, advirtiendo que durante la sesión del martes “alguien, también de Gobierno,  había dilatado el debate  y que eso conllevó a que el ministro tuviese que volver para finalizar el trámite”.
“Pedí la palabra para manifestar mi  descontento por el acto irrespetuoso e irresponsable.  Jaime intentó irse del recito luego de registrarse en el quorum y lo detuvimos”, agregó Pastrana.
Según la congresista, el expresidente terminó  acudiendo al sector de la oposición y allí fue donde fue increpado  por varios representantes. “Le dije que así no se hacían las cosas, que  era una falta de seriedad y de respeto, que estaba saboteando a un ministro de su propio Gobiern o, que fuera responsable con sus intervenciones, que cómo iba a poner a volver a hablar al ministro, pero sobre todo a los comandantes de la Fuerza Pública”.", 18 de septiembre de 2025 , 18 de septiembre de 2025 ,politica,,Video | ¡Se armó en la Cámara! Así fue la pelea que encendió el debate en plena moción de censura contra MinDefensa,https://www.elcolombiano.com/colombia/video-pelea-camara-representantes-mocion-censura-mindefensa-NK29232861
"El Pacto Histórico desafía la decisión del CNE y confirma que hará su consulta interna el 26 de octubre, pese a la exclusión de Colombia Humana y Progresistas. ¿Qué está en juego para la coalición de Petro? Aquí los detalles."," El Colombiano
                     ",Colombia,"Pasadas  24 horas  desde que el  Consejo Nacional Electoral (CNE)  entregó al  Pacto Histórico   una  personería jurídica condicionada,  en la que solo están incluidos  tres de los cinco movimientos  que conforman la alianza, este jueves se pronunció su  comité político, que anunció que insistirá en realizar consultas internas  el próximo 26 de octubre.
Aunque la autoridad dio vía libre a la fusión de los partidos que integran el Pacto  –Polo Democrático Alternativo, Unión Patriótica y Partido Comunista Colombiano –, dejó por fuera a los movimientos  Colombia Humana y Progresistas.
Le puede interesar:  “Nos quieren dividir”: el Pacto Histórico reacciona tras personería condicionada del CNE
Lo anterior, supone un  golpe para el Pacto Histórico  de cara a la consulta interna, dado que del grupo inicial de nueve precandidatos no participarían figuras como  Gustavo Bolívar, Susana Muhamad, Gloria Flórez, Daniel Quintero, Carolina Corcho o María José Pizarro.  ¿La razón? Hacen parte de la  Colombia Humana o Progresistas.


Ante ello, el comité político ratificó su  “decisión inquebrantable de mantener y fortalecer la unidad  del Pacto Histórico”, destacando que es la principal fuerza política progresista, de izquierda y a favor del proyecto que lidera el presidente  Gustavo Petro.  “Esta unidad se ha forjado a partir de la  decisión democrática de cinco organizaciones fundadoras” , precisó.
Por otro lado, el comité reclamó por la  exclusión de Colombia Humana y Progresistas,  advirtiendo que afecta gravemente el derecho a la  participación política y el derecho fundamental a constituir partidos  libremente. Por ello, anunciaron que interpondrán las  acciones correspondientes para revertir la situación.

“Consideramos  indispensable que el CNE revalúe su decisión y, en paralelo, interpondremos todos los recursos legales  necesarios para garantizar la inclusión y el reconocimiento de todas las fuerzas en el menor tiempo posible. Nuestra postura es clara: la  unidad del Pacto Histórico solo existe si todas las organizaciones fundadoras son reconocidas ”, precisó. Lea aquí:  Frases y datos imprecisos de Petro durante la alocución sobre educación
Al insistir en que buscarán participar en la consulta interna, el comité político del Pacto explicó que el  objetivo es definir la candidatura única a la Presidencia , así como avanzar en la construcción de un  frente amplio con otras fuerzas de izquierda y elegir listas cerradas y paritarias  al Senado y a la Cámara de Representantes.
“El comité político asumirá la responsabilidad de  revisar, evaluar y definir, con criterios éticos y en coherencia con el ideario del Pacto Histórico,  las precandidaturas que serán certificadas y avaladas para inscribirse en las consultas.  Garantizaremos que cada precandidatura cumpla principios de transparencia y compromiso firme  con la defensa del proyecto programático de cambio”, puntualizó.
Según la determinación, emitida con sentencia del magistrado  Altus Baquero,  la  Colombia Humana  –partido al que pertenece el hoy presidente Gustavo Petro– no podrá participar, dado que en el  proceso en el que se consultó a sus bases si querían integrar el Pacto Histórico no se alcanzó el número de votos  requeridos por sus propios estatutos.
Pese a que participaron  1.280 militantes, era necesario contar con un quórum de las dos terceras partes  de los miembros afiliados. Dado que actualmente Colombia Humana tiene  114.381 afiliados, se necesitaba que participaran 76.315  para que hubiese quorum deliberatorio, según la norma.
En el caso de Progresistas, la autoridad electoral aseguró que su  personería jurídica aún está condicionada a que se resuelvan los procesos sancionatorios  adelantados contra el Movimiento Alternativo Indígena y Social (MAIS), “circunstancia que a la fecha de adopción de la presente decisión no se ha acreditado,  por lo que no es procedente incluir a dicha organización en el proceso de fusión en cuestión”.

Inclusive, se buscaba integrar a un movimiento denominado  Minga Indígena Social y Popular;  sin embargo, el CNE advirtió que no tenía personería jurídica, por lo que  no podría incluirse en el proceso. Siga leyendo:  ¿Se cayó el nombramiento de la polémica Juliana Guerrero? Detalles de la puja en Palacio para evitar esa movida", 18 de septiembre de 2025 , 18 de septiembre de 2025 ,politica,,Pacto Histórico desafía al CNE: insistirá en consulta interna del 26 de octubre,https://www.elcolombiano.com/colombia/pacto-historico-consulta-interna-cne-IN29247593
"El presidente viajará a Nueva York para intervenir en la Asamblea General de la ONU, donde confrontará a Estados Unidos por la descertificación antidrogas, el consumo de fentanilo y su postura sobre Gaza."," El Colombiano
                     ",Colombia,"En medio del pulso por la  decisión de Estados Unidos de  descertificar a Colombia  en la  lucha antidrogas ,  el presidente  Gustavo Petro  viajará a  Nueva York  para participar en el  80º período de sesiones de la Asamblea General de las Naciones Unidas.
Al evento de alto nivel, que se llevará a cabo entre el  23 y el 27 de septiembre , el presidente estará acompañado por la  canciller Yolanda Villavicencio , el  ministro de Justicia, Eduardo Montealegre,  entre otros integrantes del gabinete.
El viaje del mandatario se da en medio de  tensiones con el Gobierno de los Estados Unidos, luego de la descertificación a Colombia  ordenada por el presidente  Donald Trump ante la falta de acciones en la lucha antidrogas.
Es precisamente este el tema que tratará el presidente  Petro en su intervención en las Naciones Unidas , donde insistirá en resaltar los resultados de  interdicción e incautaciones de cocaína  realizados en su Gobierno.

Petro ha insistido en que  se tienen “cifras récord” en la lucha contra el narcotráfico . Además señalará las  críticas al consumo de los Estados Unidos del fentanilo y otras drogas , que serían responsables del aumento de las drogas en el mundo.
“La única manera de  reducir el mercado de la cocaína en el mundo  es que ellos, Estados Unidos y europeos,  dejen de consumir.  Antes  murieron por sobredosis de cocaína en Estados Unidos 3.000 personas , pero ahora se pusieron a consumir fentanilo y han muerto 100.000. En estos 50 años han muerto un millón de latinoamericanos y  está por morir otro millón de norteamericanos” , ha señalado el mandatario.
Le puede interesar:  “Aquí lo espero si quiere”: Petro reta a Trump, le dice que descertificación es una “grosería” y que la mafia derrotó lucha contra las drogas
Durante el evento más reciente realizado en  Bucaramanga , el mandatario confirmó que  irá a la asamblea de la ONU para recriminar a los Estados Unidos por su posición en Gaza,  pero también para denunciar un “complot judicial en su contra”.
“Una persona norteamericana ha llegado a hacer una  reunión con Cabal, Cuenca, Leyva y Uribe para ver cómo se arma un proceso judicial mío en Estados Unidos,  yo que ni siquiera voy a ese país, sobre la base de conspiración”, aseguró el mandatario, al advertir que estará presente en la Asamblea de la ONU.
En esta intervención en Estados Unidos, el mandatario  defenderá la discutida política de paz total,  en donde la mayoría de las negociaciones están suspendidas, a excepción de la del  Clan del Golfo en Catar  que avanza timidamente .  Además, se referirá al  Acuerdo de Paz con las Farc y cómo va esta implementación.", 18 de septiembre de 2025 , 18 de septiembre de 2025 ,politica,,Del narcotráfico al fentanilo: Petro llevará su pulso con EE. UU. a la Asamblea de la ONU,https://www.elcolombiano.com/colombia/petro-viaja-asamblea-onu-descertificacion-lucha-antidrogas-IN29248213
"Harol González y Laura García tienen estudios relacionados con política y relaciones internacionales, pero las críticas apuntan a que esas posiciones en el Ministerio de Relaciones Internacionales son por mérito."," El Colombiano
                     ",Colombia,"En redes sociales, sobre todo en X, ha crecido la polémica estos días por el aterrizaje de dos personas a la  Cancillería  en cargos considerados técnicos o de carrera.
Se trata de la dirección de cooperación internacional y de la Academia Diplomática Augusto Ramírez Ocampo. La canciller  Rosa Villavicencio  designará en esos puestos a Harol González, quien venía de ser vicepresidente de relaciones internacionales del partido Colombia Humana y Laura García Mejía, madre de la representante a la Cámara María del Mar Pizarro y expareja del excomandante del M-19 asesinado Carlos Pizarro.
González, según la postulación, es profesional en Estudios Políticos y Relaciones Internacionales; también tiene un pregrado en Administración Deportiva. Es magíster en Ciencias Sociales, Cooperación y Desarrollo de América Latina y cursa un doctorado en la Universidad Sorbona Nueva de París.
La polémica en este caso viene asociada a que reemplazará en el cargo a Bertha Patricia Alemán, funcionaria de carrera; tradicionalmente ese cargo ha estado reservado para funcionarios de carrera que trascienden el gobierno de turno.

Bajo este Gobierno, se había nombrado en la Academia a la exministra de Ambiente, Lena Estrada.
En el caso de García, es politóloga, profesional en Resolución de Conflictos de la Universidad del Valle, y especialista en Administración Pública Contemporánea.  Su hija, la congresista María del Mar Pizarro, defendió el nombramiento en redes sociales:  “Es mi mamá, Laura García, tiene más de 30 años de experiencia en el sector. En su tiempo como directora de Cooperación Internacional logró la donación más grande de la Unión Europea. Fue madre soltera, estudió los fines de semana y trabajó arduamente durante décadas para llegar hasta aquí”.
Además, Pizarro aseguró que su madre ha trabajado en varios gobiernos.
En medio de la   investigación que adelanta la Procuraduría  contra la  canciller  encargada Rosa Villavicencio  por presuntas irregularidades en la  firma del convenio para la fabricación de los  pasaportes ,  a finales del mes de agosto se anunció que vinculó a  seis funcionarios más en el proceso.
El caso está relacionado con  presuntas faltas disciplinarias en las que habrían incurrido funcionarios  por cuenta del convenio firmado entre el  Ministerio de Relaciones Exteriores y la Imprenta Nacional  de Colombia para la fabricación de los pasaportes.
Le puede interesar:  La ‘rosca’ de familiares de petristas que trabajan en el Gobierno
De acuerdo con la Cancillería, el acuerdo se celebrará por la  figura de contratación directa bajo urgencia manifiesta con la Unión Temporal Documentos de Viaje 2026,  liderada por Thomas Greg. Esta figura se aplicó con el argumento de que la  empresa acredita la capacidad logística, técnica y financiera  para continuar con el servicio sin interrupciones.
La duración del convenio será de  ocho meses, periodo en el que la unión temporal se hará cargo de la producción, distribución y custodia  de los documentos de viaje.
Siga leyendo:  Procuraduría encontró “graves fallas” y “respuestas vacías” en su visita a la Imprenta por el nuevo convenio de pasaportes", 18 de septiembre de 2025 , 18 de septiembre de 2025 ,politica,,Cancillería: polémica por nombramiento de la mamá de una congresista y miembro de la Colombia Humana en dos cargos clave,https://www.elcolombiano.com/colombia/cancilleria-polemica-por-nombramiento-de-laura-garcia-mama-de-congresista-LM29253901
"La salida de Julián Molina desató una pugna interna: aunque Gloria Perdomo fue anunciada como su reemplazo, terminó relegada a viceministra. Finalmente, Petro nombró a Yeimi Carina Murcia, cercana a él y con apoyo parcial de La U."," Javier González Penagos
                     ",Colombia,"La  puja por quién será el relevo de Julián Molina  en el  Ministerio de las Tecnologías de la Información y la Comunicación (TIC)  se convirtió en toda una novela. Si bien hasta la semana pasada la ungida de forma oficial era  Gloria Patricia Perdomo,  bastaron días para que el  presidente Gustavo Petro cambiara de opinión , la relegara a viceministra y pusiera en su lugar a alguien de toda su entraña:  Yeimi Carina Murcia Yela.
Molina,  considerado cuota del Partido de La U en el gabinete , salió del Ministerio en medio del  descontento del primer mandatario  por la falta de apoyo de ese y otros partidos a  María Patricia Balanta como candidata a magistrada de la Corte Constitucional,  pulso que al final –en contra de los intereses del Gobierno– ganó  Carlos Camargo.
Días después de semejante revés, en la  plataforma de hojas de vida de la Presidencia  –como requisito para su nombramiento–, fue publicada la hoja de vida de  Gloria Perdomo,  una ingeniera electrónica con  especialización en telecomunicaciones móviles y maestría en gerencia estratégica de tecnologías de la información.
Según fuentes consultadas en Casa de Nariño,  aunque no era del círculo cercano al primer mandatario , Perdomo destacó no solo por su hoja de vida, sino por su  destreza y experiencia tanto en el Ministerio como en otras empresas  del sector, incluida la icónica  Empresa de Teléfonos de Bogotá (ETB) . Su arribo justamente corroboraba que Petro se la jugaría por alguien técnico y  sellaba su divorcio con La U.

Sin embargo, hubo quienes aseguraron que el  nombre de Perdomo llegó también a oídos del presidente  por funcionarios que  manejan las redes sociales en Palacio  y quienes destacaron su trabajo como  asesora y subdirectora en el propio Ministerio.
El asunto parecía estar concretado hasta que la  ahora ministra entrante, Carina Murcia,  alzó la mano y dejó ver su contento. Como actual  viceministra de Transformación Digital,  Murcia –oriunda de Putumayo y comunicadora social de profesión– acompañó el  viaje de Petro a Japón a principios de mes en medio del maremoto político  tras el revés en el Senado con su magistrada a la Corte.
Desde allí, según fuentes consultadas por este diario, la ahora ministra  expresó su enfado por el arribo de Perdomo.  Sin embargo, la “vice”,  al parecer, logró moverse y con el guiño del ministro del Interior, Armando Benedetti,  coordinó una reunión no solo para ratificarse como aliada de antaño de Petro –una  condición que no tenía Perdomo–, sino para buscar acercamientos con La U.

Fuentes palaciegas le confirmaron a EL COLOMBIANO que,  en efecto, la “vice” sostuvo encuentros con congresistas de ese partido buscando que la “adoptaran”  y que hubiese un gana-gana para que ella fuera elegida como  ministra, ellos no perdieran representación en el gabinete  y se garantizara la dulce burocracia.
“Es funcional para nosotros:  es cercana al presidente y lo ha acompañado de tiempo atrás, y además garantiza el puente con los de La U”,  explicó la fuente.
Otro funcionario del alto Gobierno le dijo a este diario que  “Carina (Murcia) tiene mucha fuerza en el torno del señor presidente. Ellos dos son muy cercanos. Para mí era obvio que ella iba a ser ministra  en algún momento”. Además, recuerdan que  Petro la conoció en campaña y destacan su liderazgo en Putumayo.

A diferencia de Gloria Patricia Perdomo –quien ahora fue designada como  viceministra de Conectividad– , Carina Murcia solo tiene  posgrados en gobierno y asuntos públicos,  así como en derechos humanos, democracia y globalización, un asunto que no deja de  incomodar entre algunos altos funcionarios del Gobierno Petro.
Otras versiones apuntan a que  La U está dividida en el Congreso  sobre este nombramiento, dsdo que algunos senadores estarían en desacuerdo y  no ven que Murcia sea cuota de esa colectividad.  Otros representantes a la Cámara sí.
Incluso, en los pasillos del poder se habla de que la congresista Saray Robayo —pareja del condenado por corrupción Emilio Tapia y quien estuvo implicado en el caso Centros Poblados, justo en el MinTIC— habría influido en ese nombramiento, pero fuentes en Palacio lo matizan:  “Ellas (Robayo y Murcia) son cercanas, pero no. Carina llega directamente por el presidente Petro, no necesita de ningún congresista”, agrega el funcionario.
También las fuentes consultadas recuerdan que  Murcia era quien coordinaba algunos recursos y proyectos  de esa cartera en diálogo con congresistas de La U.
Por eso, a la luz de esa interpretación, ella sería una solución “intermedia” para no soltar del todo el apoyo de esa colectividad. El presidente Petro ha dicho en público y en privado que está molesto con los partidos que decían apoyar al Ejecutivo, pero votaron por el exdefensor del Pueblo, Carlos Camargo, como magistrado de la Corte Constitucional.
“El presidente necesita a La U para sacar la reforma a la salud, pero de resto no quiere saber de ellos”,  concluye la fuente.
Lo cierto es que la decisión ya está tomada .  Sin embargo, en La U siguen  expresando sus reservas frente al nombre de Murcia , pues la consideran más una ficha del petrismo, que una representación suya.  De ahí que su apoyo y la supuesta “adopción” siga en veremos.", 18 de septiembre de 2025 , 18 de septiembre de 2025 ,politica,,Lo que hay detrás del enroque en el MinTIC: Petro decidió a última hora designar a una aliada cercana y reversó nombramiento técnico ,https://www.elcolombiano.com/colombia/novela-nuevo-ministro-tic-reemplazo-julian-molina-GM29258709
"Petro se demoró dos días para responderle a EE. UU. Lo hizo con ataques y, como suele hacerlo, datos confusos. Revisamos las cifras."," Nicolás Rivera Guevara
                     ",Colombia,"Aunque era previsible, según análisis y expertos, que Colombia iba a recibir la descertificación parcial o total de Estados Unidos en la lucha contra el narcotráfico, en Presidencia no tenían preparada ninguna declaración oficial el lunes de esta semana. Casi que por sorpresa, el jefe de Estado se enteró minutos antes de empezar un Consejo de Ministros sobre salud televisado en canales públicos. El embajador de Colombia en Washington, Daniel García Peña, dijo en emisoras que recibió la llamada de funcionarios de la Casa Blanca ese día notificando de la decisión que no ocurría hace 29 años en tiempos de Ernesto Samper.
Como si se tratara de un asunto menor, el mandatario colombiano comunicó el hecho primero mezclando temas y luego lanzando sus primeros ataques al aliado histórico del país; incluso, en vivo y en directo su ministro del Interior, Armando Benedetti, le leyó fragmentos del memorando firmado por Donald Trump en el que justifica su decisión de la descertificación parcial o con  waiver  (exención). “ No los necesitamos (a Estados Unidos)”,  dijo Petro mientras explicaba sin mayores detalles que, según él, que con el presupuesto nacional se podía empezar a trabajar en armamento y tecnología militar propia. La cámara mostraba al general (r) Pedro Sánchez, ministro de Defensa, que apenas lo miraba con seriedad.
Pasaron dos días y el mandatario decidió hacer, ahora sí, una alocución pregrabada con el avión presidencial de fondo, el FAC001, la bandera de Colombia y un atril negro. Duró 37 minutos y fue emitida en canales privados y públicos en horario  prime time ; no seguía un libreto, pero el mandatario leyó cifras en hojas puestas sobre el atril. Dedicó buena parte a atacar con dureza al presidente estadounidense —lo mencionó 18 veces por su nombre, según contó este diario—y puso el espejo retrovisor en lo que heredó de su antecesor, el expresidente Iván Duque.
“(la descertificación) es una grosería profunda contra el país que más sangre ha regado para que la sociedad de los Estados Unidos y de Europa no consuman tanta cocaína”,  dijo Petro y agregó:  “(...) un insulto, obviamente, para mi vida personal, porque si algún líder político, después de Galán, Luis Carlos, ha luchado contra el narcotráfico, ese he sido yo”.

Luego hubo otros ataques diciendo que Trump tiene “amistades de las mafias de la Florida y sus voceros políticos latinos” y dirigiéndose a él cerró molesto su discurso: “(...) a mí no me amenace, aquí lo espero si quiere, no acepto invasiones, no acepto misiles, no acepto asesinatos; acepto inteligencia, vengan aquí a hablar con inteligencia, y lo recibimos y hablamos de tú a tú y con cifras reales, no con mentiras”.
Precisamente, sobre esto último, EL COLOMBIANO hizo una revisión de las cifras que expuso el mandatario y contrastó con documentos, funcionarios, exfuncionarios y expertos. Son tres grandes temas que están entrelazados en la política de drogas: número de hectáreas de cultivos de uso ilícito, erradicación y sustitución e incautación.
En la alocución, Petro se refirió al aumento sostenido del número de hectáreas de cultivos de hoja de coca en Colombia, pero con espejo retrovisor: “Miren lo que pasa en el año 2022. Todavía no soy el presidente. Yo llego hasta el mes de agosto y empiezo a ver la realidad en octubre, año de Duque, crecen los cultivos de hoja de coca 13% y eso arroja una mayor cantidad. Último año de Duque, su amigo, doctor Trump: 230.000 hectáreas”.  Petro cita los datos de la  Oficina de las Naciones Unidas contra la Droga y el Delito (UNODC ), que también arrojan que en 2023 el país aumentó de las 230.000 a 253.000 en 2024, es decir que hoy tenemos cinco veces más de los cultivos de hoja de coca que teníamos diez años atrás (48.000 en 2012 y 2013).
Es cierto que el crecimiento sostenido viene precisamente desde esos años y el resto del mandato de Juan Manuel Santos; también es cierto que en tiempos de Duque hubo una leve reducción de 2018 a 2019 y luego un repunte en 2021 y 2022 después de la pandemia (ver gráfico). Pero expertos y análisis más prudentes señalan una proyección para 2024 de 275.000 hectáreas, es decir un aumento aproximado de 45.000 hectáreas en dos años; los observadores más crudos, en cambio, pronostican que el país ya habría superado las 300.000 hectáreas bajo este Gobierno. ¿Qué hacer entonces?
Hay dos términos en política de drogas que van de la mano: erradicar y sustituir. La erradicación puede ser voluntaria por parte de los cultivadores, que son en su mayoría campesinos, o impuesta por el Estado más conocida como erradicación forzada que se aplica a través del Plan Nacional de Sustitución de Cultivos Ilícitos (PNIS). Según Petro, en el Gobierno Duque no hubo erradicación voluntaria “la volvió cero, 2021; cero, 2022; quedó cero 2023, porque tuvimos que empezar a rehacer el programa, se demoraron mis funcionarios y llegamos a 2024 con un número en erradicación voluntaria que alcanzó 2.711 hectáreas, poco. Pero en 2025 alcanzamos 22.433 hectáreas”.
EL COLOMBIANO habló con Emilio Archila, quien fue consejero de paz de Duque y con cifras de la ONU en mano desmiente al presidente Petro:  “Absolutamente falso. En mi administración sustituimos voluntariamente 19.700 hectáreas”. Además, agrega que durante ese mandato sustituyeron en total 37.693 hectáreas de forma voluntaria y con verificación de ese organismo internacional.
Este periódico indagó el por qué de esas cifras falsas con la actual directora del PNIS, la politóloga Gloria Miranda, quien acepta que sí fueron erradicadas, pero no sustituidas porque bajo su interpretación, como no se sustituyeron, se resembraron.  Bajo la lógica del Gobierno, el PNIS en tiempos de Duque “se paró (...) la gente erradicó, pero el programa no cumplió. Quitar una mata no es sustitución que es cuando cuando se reemplaza la economía ilegal”.
Pero si hablamos de sustitución, precisamente, la tabla que presentó el Gobierno arroja que a finales de 2022 y 2023, no sustituyeron hectáreas y el jefe de Estado confundió erradicación voluntaria con sustitución, que vendría a ser 2.711 en 2024 y 22.433 en 2025. Aún así, dicen expertos, tanto Duque como Petro, tuvieron resultados muy pobres.
Quizá por eso el mandatario colombiano alcanzó a abrirle la puerta, tardíamente, a la aspersión aérea con glifosato que está prohibida por la Corte Constitucional desde hace casi 10 años. Incluso, a principios de este año, se filtró un plan de aspersión manual que hasta la fecha no ha tenido resultados relevantes y fue otro anuncio intentando demostrar a EE. UU. sus esfuerzos por disminuir el número de hectáreas de cultivos de uso ilícito.
El jefe de Estado dice que “en el año 2024 hemos logrado una incautación de 889 toneladas. Nunca antes se llegó a esa cifra”.  Si bien es cierto en número de toneladas, no lo es como porcentaje del total de cocaína, es decir que años anteriores se decomisaba el 50% de la producción, pero en 2023 apenas se incautó el 28%.
Colombia lidera el ranking de mayores incautaciones de cocaína en América Latina, según el portal  InSight Crime,  pero sigue siendo el mayor productor de esta sustancia a nivel mundial. Concentrarse en la interdicción –entendido como la acción de detener los grandes cargamentos que salen por mar, tierra o por aire– es omitir el resto de instrumentos y mediciones para enfrentar el narcotráfico.
Así lo explica a este diario el profesor Pablo Zuleta, coordinador temático de psicoactivos de la Facultad de Medicina de la Universidad de Los Andes: “No hay razón para sacar pecho (...) En la medida en que se identifique pérdida de la gobernanza en esos territorios, los decomisos reflejan a la vez aumento en la producción”.", 19 de septiembre de 2025 , 19 de septiembre de 2025 ,politica,, los datos falsos de Petro contra Trump en su alocución tras la descertificación,https://www.elcolombiano.com/colombia/datos-falsos-de-petro-contra-trump-alocucion-descertificacion-KP29268345
"El proyecto desató un fuerte enfrentamiento con la coordinadora ponente del proyecto, quien prometió hundirla por considerarla abusiva y lesiva para la clase media. El presidente la acusó de dañar al país “por ignorancia económica y odio político”."," El Colombiano
                     ",Colombia,"La  controvertida reforma tributaria  que promueve el  Gobierno Nacional en el Congreso  –ideada para recaudar  recursos por el orden de $26 billones–,  sigue levantando ampolla. Por cuenta del  difícil ambiente para el trámite de la iniciativa , el presidente  Gustavo Petro  protagonizó un rifirrafe con la representante independiente  Katherine Miranda (Alianza Verde) , nada menos que la coordinadora ponente del proyecto.
El origen del choque fueron unas declaraciones de la congresista, quien ratificó que  no hay ambiente para el proyecto y quien sostuvo, de forma vehemente, que está empeñada en negar la reforma.  Por ello, envió un mensaje de tranquilidad e insistió en que el proyecto no tiene chances en el Congreso.

“Quédense absolutamente tranquilos.  A mí me designaron hace una semana como coordinadora ponente de la reforma tributaria.  Créanme que no hay ambiente  no solamente en el país, sino en el propio Congreso de la República, para aprobar esa reforma. Y  vamos a dar absolutamente todo para volver a negarle la reforma tributaria  a Gustavo Petro. Entonces, siéntanse tranquilos”, declaró.

Frente a ello, a través de su cuenta en la red social X, el presidente aseguró que con su férrea posición Miranda no le hace daño a él ni a su Gobierno, sino que  le hace “un inmenso mal a Colombia”.  Inclusive, acusó a la representante de actuar  “por simple ignorancia económica y odio político”.
“No me haces daño a mí, Katherine.  Le haces un inmenso mal a Colombia y a una economía  que he logrado fortalecer y relanzar. Si hundes la reforma tributaria con tus  compañeros de extrema derecha ya verás,  en el 2027, el inmenso daño que fuiste capaz de hacer, ya no en el discurso, sino en los hechos, por  simple ignorancia económica y odio político ”, alegó el jefe de Estado.
En respuesta, Miranda sostuvo que  a ella le tocó echarse al hombro el trabajo que, reclamó, “le quedó” grande al Gobierno:  “proteger a los hogares vulnerables y a la clase media”. En esa línea, argumentó el por qué no apoya al Ejecutivo.
“Presidente Petro,  me tocó a mí hacer el trabajo que a usted le quedó grande hacer : proteger a los hogares vulnerables y a la clase media. Le tumbo su reforma tributaria porque un economista capaz sabría que el IVA a la gasolina, etanol y ACPM  encarecerá la canasta familiar y el costo de vida de los ciudadanos.  No es momento de derroche ni de  meterle la mano al bolsillo a los colombianos cuando su Gobierno ni ejecuta”,  manifestó.
A la discusión se sumó el  ministro del Interior, Armando Benedetti,  quien acusó a Miranda y a su copartidaria, Catherine Juvinao, de  solo “gritar y gritar” frente al futuro de la reforma,  pero indicó que no van a poder hundirla.  “La Juvinao y la Miranda siempre dicen que van a hundirla,  pero lo único que hacen es gritar y gritar”, precisó.
Ante ello también contestó Miranda, quien afirmó que,  más allá de “gritar”, su labor parlamentaria consiste en “defender a los colombianos  de una reforma tributaria abusiva. Lo que sí es un grito es su  machismo y arrogancia, que pretende callar a las mujeres  a punta de insultos. Ni me intimida ni me silencia.  Nos vemos el día de la votación”.
En medio de la discusión sobre el  Presupuesto General de 2026,  la semana pasada el  ministro de Hacienda, Germán Ávila,  sugirió a las comisiones económicas del Congreso  ajustar el monto para agilizar su aprobación  y evitar que se repita la situación del año pasado, cuando el Congreso rechazó –por primera vez desde 1991– el presupuesto,  obligando al Gobierno a presentar un ajuste de emergencia.
La propuesta de Ávila es reducir el monto original del Presupuesto General de $550 billones a $546,9 billones. Y, como consecuencia, la  meta de recaudo de la tributaria pasaría de $26,3 a $16,3 billones, recortando así $10 billones.", 19 de septiembre de 2025 , 19 de septiembre de 2025 ,politica,,Reforma tributaria en vilo: rifirrafe entre el presidente Petro y la representante Katherine Miranda,https://www.elcolombiano.com/colombia/reforma-tributaria-choque-petro-katherine-miranda-IO29278527
"El alto tribunal concluyó que los hechos de violencia alegados por el exmandatario no afectaron su participación política. La decisión generó críticas de Gustavo Petro, quien advirtió un retroceso en el derecho a la organización partidista."," El Colombiano
                     ",Colombia,"La  Sección Quinta del Consejo de Estado  tumbó este viernes la  resolución que le concedió personería jurídica  –es decir, el reconocimiento legal y el derecho a financiación– al  movimiento Poder Popular,  que lidera el  expresidente Ernesto Samper.
Si bien en agosto de 2023 el  Consejo Nacional Electoral (CNE) le otorgó personería  al movimiento que lideró el exmandatario en las huestes del Partido Liberal durante los  años 80 y 90,  el alto tribunal concluyó que  no se acreditaron hechos de violencia política  que hubiesen podido llegar a afectar la  participación electoral de sus miembros.
Según el  Consejo de Estado,  el atentado contra  Samper en 1989 y el crimen del exsenador Ricardo Villa  no constituyeron razones suficientes para darle reconocimiento legal a Poder Popular, en tanto  no tuvieron fines políticos, no buscaban erradicar la colectividad  ni guardaron una relación de causalidad directa con la imposibilidad de competir en elecciones.
Aunque el expresidente Samper no se ha pronunciado,  sí hizo eco de un mensaje divulgado por el presidente Gustavo Petro  en la red social X, desde donde cuestionó la decisión y aseguró que  se está restringiendo el derecho a la organización de partidos.

“Lo que vemos en autoridades judiciales y electorales es  provocar un alejamiento permanente de la ciudadanía a la organización de partidos , que establece como derecho la Constitución de Colombia. La anulación de personerías jurídicas o el impedimento a conformarlas  ha sido de una vía.  La mayoría de fuerzas anuladas cuando ya vivían plenamente en la vida política  son del progresismo”,  reclamó.
De acuerdo con el jefe de Estado, con decisiones de este calibre  se incumple el punto sobre participación en política consagrado en el Acuerdo de Paz  con las extintas Farc: “El punto del proceso de paz sobre abrir los  caminos de la participación política ha quedado completamente anulado”,  indicó.
Desde meses atrás, el  Consejo de Estado ha venido anulando la personería jurídica  –es decir, el reconocimiento legal que le permite nominar candidatos y acceder a financiación estatal–  a varios movimientos.
Entre ellos se cuenta el partido  En Marcha, que lidera el exministro Juan Fernando Cristo . A este se suma  Creemos –del hoy alcalde Federico Gutiérrez– , Todos Somos Colombia –de la senadora petrista  Clara López– , Fuerza Ciudadana –del exgobernador  Carlos Caicedo –, Independientes (del exalcalde de Medellín  Daniel Quintero)  o Soy porque Somos, de la hoy vicepresidenta  Francia Márquez.
Entre 2022 y 2023 hubo un  escandaloso incremento en el número de partidos políticos,  pues se pasó de 21 a 37, lo que en opinión de organizaciones como la  Misión de Observación Electoral (MOE) “debilita la representación política  y profundiza el personalismo”.", 19 de septiembre de 2025 , 19 de septiembre de 2025 ,politica,,Consejo de Estado tumba la personería de Poder Popular del expresidente Samper y desata críticas de Petro,https://www.elcolombiano.com/colombia/tumban-personeria-juridica-partido-ernesto-samper-KO29279047
"El presidente viajará a Nueva York entre el 21 y el 27 de septiembre para participar en la Asamblea General de la ONU. Allí defenderá su política de paz total y los resultados en la lucha antidrogas, en medio de tensiones con Estados Unidos tras la descertificación a Colombia."," El Colombiano
                     ",Colombia,"Si bien en sus  últimos desplazamientos internacionales  el  presidente Gustavo Petro  nombró a  Armando Benedetti como ministro delegatario  con funciones presidenciales, para su viaje a  Nueva York (Estados Unidos),  el jefe de Estado cambió de opinión.
Es ley que cuando el presidente está ausente de sus funciones como jefe de Estado, la  Presidencia debe delegar un ministro en funciones que pertenezca al mismo partido  o movimiento político.
En este caso fue delegado el  ministro de Hacienda,  Germán Ávila Plazas , quien “está habilitado para ejercer las  funciones constitucionales y legales como ministro delegatario”.


La  Presidencia de la República publicó el decreto que autoriza el viaje  del presidente  Gustavo Petro  a Estados Unidos durante la próxima semana. Esto se da con la finalidad de participar en el  octogésimo período de Sesiones de la Asamblea General de las Naciones Unidas.
El Decreto 1000 de 2025 señala que el presidente  no estará en el país entre el 21 de septiembre de 2025 y el 27 de septiembre de 2025.
Según la información conocida, el presidente acudirá a la  Asamblea General de la ONU con la canciller  Yolanda Villavicencio ,  el ministro de  Justicia, Eduardo Montealegre,  entre otros integrantes del gabinete.
El viaje del mandatario se da en medio de  tensiones con el Gobierno de los Estados Unidos , luego de la descertificación a Colombia ordenada por el  presidente  Donald Trump   ante la falta de acciones en la lucha antidrogas.
Puede leer:  Fact check:  los datos falsos de Petro contra Trump en su alocución tras la descertificación
Es precisamente este el tema que  tratará el presidente Petro en su intervención en las Naciones Unidas,  donde insistirá en resaltar los resultados de  interdicción e incautación de cocaína  realizados en su Gobierno.
Petro ha insistido en que  se tienen “cifras récord” en la lucha contra el narcotráfico  y por el que tanto ha cuestionado al Gobierno estadounidense de  ordenar la descertificación, además de señalar las críticas al consumo de los Estados Unidos  del fentanilo y otras drogas que serían responsables del aumento de las drogas en el mundo.
En esta intervención en la ONU, el mandatario defenderá la  discutida política de paz total.  Actualmente, la mayoría de las negociaciones están suspendidas a excepción de la del  Clan del Golfo en Catar.  Además, se referirá a la  implementación del Acuerdo de Paz con las extintas Farc.", 19 de septiembre de 2025 , 19 de septiembre de 2025 ,politica,,"Petro viaja a la ONU en Nueva York, pero no encargó a Benedetti y delegó funciones a otro ministro, ¿de quién se trata? ",https://www.elcolombiano.com/colombia/petro-onu-nueva-york-quien-sera-ministro-delegatario-IO29279980
"El gobierno de Gustavo Petro facilitó al grupo ilegal Clan del Golfo para que se autodenominara Ejército Gaitanista de Colombia. EL COLOMBIANO habló con la hija de Jorge Eliécer Gaitán, quien está en huelga de hambre."," Sandra Segovia Marín
                     ",Colombia,"Una resolución firmada por el gobierno de  Gustavo Petro  ha desatado el reclamo de los familiares del líder político  Jorge Eliécer Gaitán , pues en medio de las conversaciones con el Clan del Golfo, el Estado permitió que la estructura criminal cambiara de nombre.
La resolución fue firmada el pasado 5 de septiembre por el Ministerio del Interior, quien en ese momento tenía funciones presidenciales, ya que el mandatario estaba de viaje en Japón. En ese documento se reconoce a dicha estructura como un grupo armado organizado (GAO).
En contexto:  Gobierno reconoció al Clan del Golfo como grupo armado, ¿esto implica que les reconocen beligerancia política?
Además de ese reconocimiento,  el gobierno aceptó el nombre de Ejército Gaitanistas de Colombia (EGC) en vez de Clan de Golfo , último nombre que ha tenido la banda que surgió luego de una desmovilización de los paramilitares en el año 2000.

El grupo al margen de la ley que ha tenido los nombres de Clan Úsuga, Los Urabeños y Bloque Héroes de Castaño. Lo que reclama la familia es que al reconocerse el cambio de nombre a EGC, se trataría de mostrar a un grupo con una ideología política.
La denominación que se dio antes de iniciar las conversaciones del Gobierno Nacional con el Clan del Golfo en Catar  ha generado indignación entre los familiares del líder político víctima de magnicidio  Jorge Eliécer Gaitán Ayala ,  asesinado el 9 de abril de 1948 en un hecho que dio pie a lo que después se conoció como El Bogotazo y desató una ola de violencia bipartidista en Colombia.
Muestra de esa indignación es lo ocurrido con Gloria Amparo de las Mercedes Gaitán Jaramillo, única hija del líder político. Gaitán Jaramillo ha iniciado una huelga de hambre de forma indefinida, buscando la protección del legado de su padre.
En una conversación con  EL COLOMBIANO , la hija de Jorge Eliécer Gaitán comentó detalles como la motivación para iniciar esta protesta, lo que piensa del gobierno nacional y lo que busca con su decisión.
Según Gaitán Jaramillo, su protesta había iniciado el jueves.  “Ayer y hoy estoy comenzando. Bueno, yo no estoy haciendo una huelga para pedirle o exigirle nada a Petro, porque yo sé que él es muy soberbio y que jamás dará el brazo a torcer” , declaró.
“Mi carta anunciando la huelga de hambre y que yo no la levantaré hasta que el gobierno no proteja el nombre de gaitanistas de esa manada de bandidos, se la mandé al Consejo de Ministros, al grupo de ministros, a todos los ministros y a la vicepresidenta de Colombia para que respondan ante una actitud que no es solamente del presidente, sino del gobierno en general”, explicó la hija del caudillo.
Para Gloria Amparo, el Clan del Golfo  “además de ser un grupo armado, es el más grande grupo de narcotraficantes que tiene Colombia, y ya están tomando dimensión continental” , pues subrayó que amigos suyos que residen en Chile han escuchado al grupo criminal en su país.
Respecto al uso del apellido de su padre, Gloria lo ha calificado como una paradoja, puesto que Gaitán “ponía en el centro de su lucha la restauración moral”.
“Es inaudito que gente que no tiene nada de gaitanistas estén aprovechando el nombre de mi padre. Es un poco como lo que hizo Petro cuando dijo que en el M-19 él militaba en un frente que se llamaba Jorge Eliécer Gaitán. Y resulta que el M-19 nunca tuvo un frente llamado así”,  explicó a EL COLOMBIANO.
“Si a Gaitán no lo hubieran matado, habría sido el siguiente presidente de Colombia y el país no estaría en la situación de violencia y de miseria en la que estamos. Mi mamá le decía mucho a mi papá que se cuidara por lo que habían desatado los mandos dirigentes, un genocidio brutal contra el movimiento gaitanista, que fue lo que hizo que convocara a la marcha del silencio, no solamente en Bogotá, sino también en varias de las ciudades de Colombia”, añadió.
“Yo no paro la huelga, es indefinida. Yo lo que pido es que me expliquen por qué negociaron el nombre... La negociaron, ¿y quién ganó? El Clan del Golfo- y entonces para manipularnos de una manera infame dicen que no tienen ellos la culpa porque así se autodenominan . Eso es absurdo. Y no, nadie de los altos rangos del Gobierno se ha acercado a la familia Gaitán”.
La hija del líder político asesinado, además de la huelga de hambre, interpuso una acción de tutela en contra de la Presidencia, el Ministerio del Interior y la Oficina del Consejero Comisionado de la Paz por el derecho a la honra, al buen nombre y a la memoria y legado de Jorge Eliécer Gaitán.
Siga leyendo:  Combates del Ejército con Clan del Golfo en Frontino, Antioquia, dejó tres soldados heridos", 19 de septiembre de 2025 , 19 de septiembre de 2025 ,politica,,“Inaudito que se aprovechen del nombre de mi padre”: hija de Jorge Eliécer Gaitán está en huelga de hambre por decisión del Gobierno con el Clan del Golfo,https://www.elcolombiano.com/colombia/por-que-hija-jorge-eliecer-gaitan-esta-huelga-hambre-clan-del-golfo-gaitanista-MB29289342
"Para el alto tribunal, la colectividad política no cumple los requisitos constitucionales para recibir aprobación del Consejo Nacional Electoral."," Brian Ferney Valencia Ríos
                     ",Colombia,"La Sección Quinta del  Consejo de Estado  tumbó la personería jurídica del movimiento político Poder Popular,  fundado por el expresidente Ernesto Samper, pese a que contaba con el aval del Consejo Nacional Electoral (CNE). El exjefe de Estado se pronunció sobre la sentencia.
Para la sala del alto tribunal,  el CNE incurrió en una falsa motivación al concederle a esta colectividad el estatus de partido político  aplicando de manera indebida precedentes judiciales como la sentencia SU-257 de 2021 que fue la que le devolvió la personería jurídica al Nuevo Liberalismo, fundado por Luis Carlos Galán.
Lea también:  Consejo de Estado tumba la personería de Poder Popular del expresidente Samper y desata críticas de Petro
El Consejo de Estado consideró que  los alegatos de hechos de violencia realizados por  Ernesto Samper   no alcanzan el nivel de gravedad para que se reconozca una existencia de persecución política suficiente para restituir la personería.

Poder Popular fue un movimiento político fundado el 30 de enero de 1982 resultado de una división del Partido Liberal, al cual pertenecía Ernesto Samper y con el cual llegó a la Presidencia en 1994.
Dentro del reclamo del partido político se citaron hechos como el atentado en el aeropuerto El Dorado en 1989 contra Samper y el homicidio del exsenador Ricardo Villa en 1992. Para el Consejo de Estado, aunque estos eventos son repudiables, no es una persecución política como sí lo fue en contra del Nuevo Liberalismo y la Unión Patriótica, quienes los integrantes fueron afectados por la violencia sistemática.
El expresidente Ernesto Samper manifestó este viernes su acatamiento al fallo del Consejo de Estado.
“Respetuoso, como he sido a lo largo de mi vida pública, de los fallos de la justicia de mi país. Acato, aunque no comparto, la decisión adoptada en el día de hoy, por solicitud del presidente de la corporación como ponente de ella, sobre la cancelación de la personería del movimiento Poder Popular, con el cual he venido haciendo política durante más de 50 años” , manifestó el exmandatario.
Samper dijo estar preocupado por “la actual guerra de poderes” entre el Consejo de Estado y la Corte Constitucional frente a los temas relacionados con los partidos y movimientos políticos.
El líder político confió en que en algún momento se abrirá “el debate amplio sobre la politización de la rama electoral de la justicia administrativa y el daño que está causando al derecho de los colombianos a tener distintas opciones políticas”.
Samper recordó además que  el “espíritu” del acuerdo de paz con las extintas Farc de 2016 planteó la diversidad política como elemento de oposición al “monopolio bipartidista”  de siempre en la política local.
Siga leyendo:  ¿Cerca de la descertificación? Los escenarios que señala expresidente de Colombia si Estados Unidos recorta los recursos contra narcotráfico
*Con información de Colprensa", 19 de septiembre de 2025 , 19 de septiembre de 2025 ,politica,,"Expresidente Samper respondió al fallo que tumbó personería jurídica de Poder Popular, partido fundado por él",https://www.elcolombiano.com/colombia/ernesto-samper-respondio-fallo-consejo-de-estado-tumbo-personeria-poder-popular-GA29292051
"El jefe negociador en los diálogos entre el gobierno de Juan Manuel Santos y la extinta guerrilla de las Farc habló con EL COLOMBIANO sobre lo firmado en 2016, el panorama político actual, la implementación del acuerdo y la JEP."," Luz María Sierra
                     ",Colombia,"Uno de los hombres con mayor recorrido en la política colombiana que ha sido protagonista de momentos trascendentales en la historia del país  habló con EL COLOMBIANO sobre el momento actual de la política, el acuerdo de paz firmado hace casi diez años con las  Farc  y la implementación de lo acordado.
Humberto de la Calle , un líder que le ha tocado afrontar momentos críticos como el proceso 8.000 en contra del entonces presidente Ernesto Samper en 1994, pero también momentos esperanzadores en donde asumió desde el 2012 liderar el proceso de paz con una de las guerrillas más antiguas de Latinoamérica , estuvo en la Fiesta del Libro y la Cultura hablando con la directora, Luz María Sierra, acerca de diversos temas de actualidad y de interés político, entre otras cosas.
Lea también:  JEP emitió la primera condena por falsos positivos: ocho años de sentencia restaurativa a 12 exmilitares
Para el exjefe negociador, lo que está pasando en el país es preocupante, calificando de crítico lo que se vive día a día tanto en el debate público como en las redes.

“Yo tengo enormes preocupaciones, me parece que hay un nivel de fanatismo agobiante que lo entristece a uno, a mí esto me golpea, esta es una política de barbaridades. No lo había visto ni en épocas nunca antes”, expresó De la Calle.
El exsenador comparó dicho fanatismo en redes con “una política de barras bravas” y confesó sentir incertidumbre por lo que pase en el 2026.  “El país se está moviendo hacia los extremos y a mí me parece que eso tiene muchos peligros en ambos lados de los peligros y lo que suele llamarse el centro, pues desafortunadamente lo veo muy disperso” , agregó.
En medio de la conversación con este medio, se refirió a la cantidad de candidatos.  “Está tan dinamitado el escenario político que la dispersión es enorme, a lo cual se agregan ya como 100 candidatos, que es una especie de carnaval de candidaturas y todo esto genera, me parece, muy grave preocupación e incertidumbre” , subrayó.
De la Calle habló sobre lo sucedido hace 9 años donde lideró el Acuerdo de paz entre el Gobierno Nacional y la guerrilla de las Farc y resaltó estar conforme con lo logrado. “Yo vivo muy tranquilo con lo que se pactó”
“Y lo he defendido y lo seguiré defendiendo de manera indeleble. Yo estoy orgulloso de lo que hicimos.Yo realmente creo que lo que está pasando es que ha habido fallas en la implementación, algunas deliberadas por comisión” , resaltó el exjefe negociador.
El exvicepresidente hizo un paralelo entre la gestión de Iván Duque y lo que va de Gustavo Petro respecto al Acuerdo de paz, mencionando que con el primero “nos gastamos 2 años en él objetando ante la gente en una decisión reiterativa”. “Él ganó contra el acuerdo. Luego ese era su programa”. Además:  Gobierno prepara una “comisión de la verdad” sobre hechos relacionados con el estallido social y el abuso policial
“A Duque le reconozco, sobre todo, a Archila, que fue el consejero, que pese a todo pasada la turbulencia inicial, hubo implementación en los que se llaman PDTS. Con una filosofía distinta a lo que pactamos, pero por lo menos tuvo obras y se trató de satisfacer esos propósitos”.
Sobre el actual presidente, De la Calle reiteró que “Petro lo que dijo era que iba a cumplir el acuerdo y tampoco ha cumplido”.  “ Gustavo Petro  entró desde el principio con un desdén sobre lo que se había hecho en La Habana, en más buscando impulsar lo que él llamó la paz total”.
Uno de los puntos en la implementación del acuerdo es la Jurisdicción Especial para la Paz (JEP), un tribunal de justicia transicional para investigar, juzgar y sancionar los crímenes cometidos durante el conflicto armado. Para el líder político, que un grupo armado como las Farc decida someterse a un tribunal de justicia es algo valioso.
“Yo sí creo que una guerrilla que voluntariamente dice, ‘Yo me someto a que me juzguen judicialmente’ valga la redundancia ‘en mis actividades’, que pese a lo que sea, inmediatamente asumió sus sanciones y está pues en el proceso de revisar la sentencia, a mí sí me parece que eso tiene un valor enorme, porque en el fondo es una guerrilla que dice: ‘reconozco al Estado, reconozco unos jueces’”, destacó.
Sobre las sentencias de este tribunal, el exconsejero se mostró empático con quienes sufrieron el conflicto armado.  “Entiendo a las víctimas, porque la victimización fue tan brutal que claro que entiendo las insatisfacciones”.
También, en conversación con  EL COLOMBIANO , el experimentado político reconoció que faltan cosas por hacer. “Hay algunas cosas que sí me parece que son insuficientes. Por ejemplo, lo que pactamos es que habría sanciones restrictivas de la libertad y en el acuerdo se dice «la JEP dirá en qué territorios pueden moverse»” Lea aquí:  ¿Condena o contrato de asistencia integral? A los exFarc el Estado les comprará ropa durante los 8 años de sanción
“Pero a ningún gobierno se le ocurrió que había que preparar los sitios donde hay que llevar a cabo las tareas restauradoras. Entonces, la JEP se ve también en un problema”, subrayó De la Calle aludiendo a la búsqueda de personas dadas por desaparecidas.
Sobre la ausencia de proyectos, el exsenador no ocultó su frustración.  “Es un caso francamente de subdesarrollo, es enorme que en ocho años no haya podido el Estado colombiano, lo que toca no solo a la JEP, sino a los gobiernos, etcétera, darse cuenta que cuando saliera la sentencia los señores podían cumplir” .
“Entonces, de alguna manera yo entiendo a las víctimas, esto quedó como en el aire, porque parte de la sentencia son exhortos al Gobierno diciéndole haga esto, haga esto. Es realmente asombroso lo que pasó”, sumó el político.
El exrepresentante del Gobierno ante la extinta guerrilla puntualizó sobre una de las determinaciones del acuerdo en donde los presuntos victimarios tendrían la libertad restringida, algo que fue tumbado por uno de los magistrados del tribunal.
“Si usted va a desminar en el Orejón, tiene que estar en el Orejón. Y, lo segundo es que tiene que haber monitoreo. Los colombianos necesitamos por lo menos que eso se cumpla”, destacó.
“El mensaje para mí más poderoso de la sentencia misma: la base de todo esto es la no repetición, que es la puerta abierta para la reconciliación. Algún día nos tendremos que reconciliar”, declaró De la Calle.
“La sanación está lejana, pero tenemos que sanar nuestras heridas reconociendo la tristeza de las víctimas, particularmente aquellas que fueron más victimizadas” , dijo sobre lo que viene dentro de la implementación del Acuerdo y las sentencias que establezca la JEP.
De la Calle le dejó un mensaje a los que han afirmado públicamente que le entregó el país a las Farc con lo firmado en el 2016, calificándolo como algo absurdo.
“No quiero ser agresivo, pero francamente decir que le entregamos el país a la fuerza, me parece un chiste” , resaltó el exjefe negociador, detallando que “ni un solo hecho mínimo, ni siquiera trascendental. ¿Qué decisión de Colombia depende de las Farc hoy? ¿O ha dependido de las Farc?”
“Lo que ha pasado es que vienen las disidencias, seguimos con confrontaciones. Ahora ya no son guerrillas contra el Estado. Lo que ha habido es una vacanización del conflicto, un descontrol territorial, sobre todo en las fronteras, que es muy preocupante”, declaró a EL COLOMBIANO sobre las estructuras criminales que han surgido luego del Acuerdo.
Sobre si el proceso de paz fracasó o no, De la Calle fue tajante con su respuesta.  “No, el proceso no ha fracasado, el acuerdo es válido, es una hoja de ruta para Colombia. Todavía, como se pactaron 15 años, tendríamos eh 7 años más para recuperar el tiempo perdido” .
Siga leyendo:  ¿La JEP incumplió el Acuerdo de Paz al no dar cárcel a excomandantes de las Farc?", hace 3 horas , hace 3 horas ,politica,,"“Entiendo las insatisfacciones de las víctimas, al Estado no se le ocurrió en 8 años preparar sitios para tareas restauradoras”: De la Calle",https://www.elcolombiano.com/colombia/humberto-de-la-calle-criticas-acuerdo-paz-fallas-implementacion-EA29296471
